SET SQL_MODE = "NO_AUTO_VALUE_ON_ZERO";
SET time_zone = "+00:00";

CREATE DATABASE IF NOT EXISTS ogopogo;
USE ogopogo;

--
-- Create webuser account for accessing database from apache/php with limited permissions
-- Note: this is different that the websites 'user' account
--
CREATE USER IF NOT EXISTS 'webuser'@'localhost' IDENTIFIED BY 'P@ssw0rd';
CREATE USER IF NOT EXISTS 'webuser'@'%' IDENTIFIED BY 'P@ssw0rd';
GRANT  INSERT, UPDATE, DELETE, SELECT ON ogopogo.* TO 'webuser'@'localhost';
GRANT  INSERT, UPDATE, DELETE, SELECT ON ogopogo.* TO 'webuser'@'%';

FLUSH PRIVILEGES;

-- --------------------------------------------------------

--
-- Table structure for table `users`
--

CREATE TABLE IF NOT EXISTS `users` (
  `username` varchar(255) NOT NULL,
  `firstName` varchar(255) NOT NULL,
  `lastName` varchar(255) NOT NULL,
  `email` varchar(255) NOT NULL,
  `password` varchar(255) NOT NULL,
  `usertype` varchar(255) NOT NULL,
  `province` varchar(255) NOT NULL,
  `city` varchar(255) NOT NULL,
  `badge` varchar(255) NOT NULL,
  `photo` blob 
  
) ENGINE=InnoDB DEFAULT CHARSET=latin1;

CREATE TABLE IF NOT EXISTS `polls` (
  `id` int,
  `poll_title` varchar(255) NOT NULL,
  `meta_description` varchar(255) NOT NULL,
  `current_status` varchar(255) NOT NULL,
  `close_date` TIMESTAMP NOT NULL,
  `option1` varchar(255) NOT NULL,
  `option2` varchar(255) NOT NULL,
  `option3` varchar(255),
  `option4` varchar(255),
  `option5` varchar(255),
  `option6` varchar(255)

) ENGINE=InnoDB DEFAULT CHARSET=latin1;

-- FLUSH TABLES;

INSERT IGNORE INTO `users` (`username`, `firstName`, `lastName`, `email`, `password`, `usertype`, `badge`,`city`,`province`) VALUES
('admin', 'admin', 'admin', 'admin@ogopogo.ok', '0f359740bd1cda994f8b55330c86d845', 'admin','Dragon','Kelowna','British Columbia');

--
-- Table structure for table `comments`
--

DROP TABLE IF EXISTS `comments`;
CREATE TABLE `comments` (
  `commentid` varchar(255) NOT NULL,
  `description` varchar(255) NOT NULL,
  `time_stamp` timestamp(6) NOT NULL,
  `pollID` varchar(255) NOT NULL,
  `author` varchar(255) NOT NULL
) ENGINE=InnoDB DEFAULT CHARSET=latin1;

--
-- Dumping data for table `comments`
--

INSERT INTO `comments` (`commentid`, `description`, `pollID`, `author`) VALUES
('0vDFp0', 'yes', 'Lwb2CG', 'JDoe'),
('1', 'verifying db', 'UUKKI', ''),
('2', 'Great Work!', 'Lwb2CG', ''),
('8RI4Gv', 'I disagree. Neighborhoods are always ranked, categorized and debated over by people.  ', 'XPAZxq', 'JDoe'),
('cQdU9z', 'haha', 'GUapl2', 'JDoe'),
('FPICdN', 'sure', 'my7EXo', 'JDoe'),
('IXsuwJ', 'Good topic!', 'aDOfn5', 'JDoe'),
('LI8uCU', 'very funny haha', 'Lwb2CG', 'darkin'),
('QgjjZ2', 'This is not a good topic to discuss. all neighborhoods are equally beautiful.  ', 'XPAZxq', 'darkin'),
('uXdIAX', 'YEs!', 'eRc0ML', 'JDoe');

-- --------------------------------------------------------

--
-- Table structure for table `polls`
--

DROP TABLE IF EXISTS `polls`;
CREATE TABLE `polls` (
  `id` varchar(255) CHARACTER SET latin1 COLLATE latin1_swedish_ci NOT NULL,
  `poll_title` varchar(255) NOT NULL,
  `meta_description` varchar(255) NOT NULL,
  `current_status` varchar(255) NOT NULL,
  `close_date` timestamp NOT NULL,
  `option1` varchar(255) NOT NULL,
  `option2` varchar(255) NOT NULL,
  `option3` varchar(255) DEFAULT NULL,
  `option4` varchar(255) DEFAULT NULL,
  `option5` varchar(255) DEFAULT NULL,
  `option6` varchar(255) DEFAULT NULL,
  `username` varchar(255) NOT NULL,
  `commentid` varchar(255) CHARACTER SET latin1 COLLATE latin1_swedish_ci DEFAULT NULL
) ENGINE=InnoDB DEFAULT CHARSET=latin1;

--
-- Dumping data for table `polls`
--

INSERT INTO `polls` (`id`, `poll_title`, `meta_description`, `current_status`, `close_date`, `option1`, `option2`, `option3`, `option4`, `option5`, `option6`, `username`, `commentid`) VALUES
('aDOfn5', 'Will the water becomes an irrigation problem in the valley by 2024? ', '', 'open', '2023-06-22 23:59:59', 'yes', 'no', 'maybe', '', '', '', 'JGreen', ''),
('AHdIRR', 'Should we accept more refugees into the Okanagan Valley and provide them with free housing?', 'Population Opinion', 'open', '2023-06-29 12:00:00', 'Yes', 'No', '', '', '', '', 'darkin', ''),
('eRc0ML', 'is COSC360 is the best course ever at UBCO?', 'humor', 'closed', '2023-06-21 23:59:59', 'YES', 'NO', 'Only when it\'s taught by Scott', '', '', '', 'darkin', NULL),
('GUapl2', 'Is Lumby considered as part of Okanagan Valley', 'debate', 'closed', '2023-06-09 12:00:00', 'yes', 'no', '', '', '', '', 'darkin', NULL),
('Lwb2CG', 'Do people from the Okanagan feel annoyed by the Albertan tourists in the Valley?', 'stereotypical albertan truck drivers and suburban wheelers, as a local, do you get annoyed?', 'open', '2023-06-26 08:00:00', 'Yes', 'No', '', '', '', '', 'JDoe', NULL),
('mspK6w', 'Should Osoyoos become part of United States? ', 'awarenes', 'open', '2023-06-27 23:59:59', 'yes', 'no', '', '', '', '', 'darkin', NULL),
('my7EXo', 'Should City of Kelowna build a second bridge between Lakeshore Drive and Summerland?', 'debate', 'closed', '2023-06-21 00:00:00', 'yes', 'no', 'maybe', '', '', '', 'darkin', NULL),
('nVuu3K', 'Farmers in the Penticton/Naramata areas are much more productive than the Vernon/Armstrong folks', 'entertainment', 'open', '2023-06-30 12:00:00', 'yes', 'no', 'maybe', '', '', '', 'JDoe', NULL),
('RLzK7o', 'Should UBC have more presence in the Okanagan Valley ', 'academia', 'open', '2023-06-30 12:00:00', 'yes', 'no', '', '', '', '', 'MSmith', NULL),
('vDMC8O', 'Should UBC have more presence in the Okanagan Valley ', 'academia', 'open', '2023-06-30 12:00:00', 'yes', 'no', '', '', '', '', 'MSmith', NULL),
('XPAZxq', 'Why Rutland has a bad reputation? ', '', 'open', '2023-06-23 23:59:59', 'Crime', 'NotTrue', '', '', '', '', 'JDoe', NULL);

-- --------------------------------------------------------

--
-- Table structure for table `pollStat`
--

DROP TABLE IF EXISTS `pollStat`;
CREATE TABLE `pollStat` (
  `pollID` varchar(255) NOT NULL,
  `author` varchar(255) NOT NULL,
  `option1` int DEFAULT NULL,
  `option2` int DEFAULT NULL,
  `option3` int DEFAULT NULL,
  `option4` int DEFAULT NULL,
  `option5` int DEFAULT NULL,
  `option6` int DEFAULT NULL
) ENGINE=InnoDB DEFAULT CHARSET=latin1;

--
-- Dumping data for table `pollStat`
--

INSERT INTO `pollStat` (`pollID`, `author`, `option1`, `option2`, `option3`, `option4`, `option5`, `option6`) VALUES
('aDOfn5', 'JGreen', 20, 13, 7, NULL, NULL, NULL),
('AHdIRR', 'darkin', 5, 5, NULL, NULL, NULL, NULL),
('eRc0ML', 'darkin', 12, 1, 300, NULL, NULL, NULL),
('GUapl2', 'darkin', NULL, NULL, NULL, NULL, NULL, NULL),
('Lwb2CG', 'JDoe', 3, 1, NULL, NULL, NULL, NULL),
('mspK6w', 'darkin', 1, NULL, NULL, NULL, NULL, NULL),
('my7EXo', 'darkin', NULL, NULL, NULL, NULL, NULL, NULL),
('nVuu3K', 'JDoe', NULL, NULL, NULL, NULL, NULL, NULL),
('RLzK7o', 'MSmith', 2, 1, NULL, NULL, NULL, NULL),
('vDMC8O', 'MSmith', 1, NULL, NULL, NULL, NULL, NULL),
('XPAZxq', 'JDoe', 2, 3, NULL, NULL, NULL, NULL);

-- --------------------------------------------------------

--
-- Table structure for table `users`
--

DROP TABLE IF EXISTS `users`;
CREATE TABLE `users` (
  `username` varchar(255) NOT NULL,
  `firstName` varchar(255) NOT NULL,
  `lastName` varchar(255) NOT NULL,
  `email` varchar(255) NOT NULL,
  `password` varchar(255) NOT NULL,
  `usertype` varchar(255) NOT NULL,
  `province` varchar(255) NOT NULL,
  `city` varchar(255) NOT NULL,
  `photo` blob NOT NULL,
  `badge` varchar(255) NOT NULL
) ENGINE=InnoDB DEFAULT CHARSET=latin1;

--
-- Dumping data for table `users`
--

INSERT INTO `users` (`username`, `firstName`, `lastName`, `email`, `password`, `usertype`, `province`, `city`, `photo`, `badge`) VALUES
('admin', 'admin', 'admin', 'admin@ogopogo.ok', '0f359740bd1cda994f8b55330c86d845', 'admin', 'BC', 'Kelowna', 0xffd8ffe000104a46494600010101006000600000ffe110e04578696600004d4d002a000000080004013b0002000000070000084a8769000400000001000008529c9d00010000000e000010caea1c00070000080c0000003e000000001cea00000008000000000000000000000000000000000000000000000000000000000000000000000000000000000000000000000000000000000000000000000000000000000000000000000000000000000000000000000000000000000000000000000000000000000000000000000000000000000000000000000000000000000000000000000000000000000000000000000000000000000000000000000000000000000000000000000000000000000000000000000000000000000000000000000000000000000000000000000000000000000000000000000000000000000000000000000000000000000000000000000000000000000000000000000000000000000000000000000000000000000000000000000000000000000000000000000000000000000000000000000000000000000000000000000000000000000000000000000000000000000000000000000000000000000000000000000000000000000000000000000000000000000000000000000000000000000000000000000000000000000000000000000000000000000000000000000000000000000000000000000000000000000000000000000000000000000000000000000000000000000000000000000000000000000000000000000000000000000000000000000000000000000000000000000000000000000000000000000000000000000000000000000000000000000000000000000000000000000000000000000000000000000000000000000000000000000000000000000000000000000000000000000000000000000000000000000000000000000000000000000000000000000000000000000000000000000000000000000000000000000000000000000000000000000000000000000000000000000000000000000000000000000000000000000000000000000000000000000000000000000000000000000000000000000000000000000000000000000000000000000000000000000000000000000000000000000000000000000000000000000000000000000000000000000000000000000000000000000000000000000000000000000000000000000000000000000000000000000000000000000000000000000000000000000000000000000000000000000000000000000000000000000000000000000000000000000000000000000000000000000000000000000000000000000000000000000000000000000000000000000000000000000000000000000000000000000000000000000000000000000000000000000000000000000000000000000000000000000000000000000000000000000000000000000000000000000000000000000000000000000000000000000000000000000000000000000000000000000000000000000000000000000000000000000000000000000000000000000000000000000000000000000000000000000000000000000000000000000000000000000000000000000000000000000000000000000000000000000000000000000000000000000000000000000000000000000000000000000000000000000000000000000000000000000000000000000000000000000000000000000000000000000000000000000000000000000000000000000000000000000000000000000000000000000000000000000000000000000000000000000000000000000000000000000000000000000000000000000000000000000000000000000000000000000000000000000000000000000000000000000000000000000000000000000000000000000000000000000000000000000000000000000000000000000000000000000000000000000000000000000000000000000000000000000000000000000000000000000000000000000000000000000000000000000000000000000000000000000000000000000000000000000000000000000000000000000000000000000000000000000000000000000000000000000000000000000000000000000000000000000000000000000000000000000000000000000000000000000000000000000000000000000000000000000000000000000000000000000000000000000000000000000000000000000000000000000000000000000000000000000000000000000000000000000000000000000000000000000000000000000000000000000000000000000000000000000000000000000000000000000000000000000000000000000000000000000000000000000000000000000000000000000000000000000000000000000000000000000000000000000000000000000000000000000000000000000000000000000000000000000000000000000000000000000000000000000000000000000000000000000000000000000000000000000000000000000000000000000000000000000000000000000000000000000000000000000000000000000000000000000000000000000000000000000000000000000000000000000000000000000000000000000000000000000000000000000000000000000000000000000000000000000000000000000000000000000000000000000000000000000000000000000000000000000000000000000000000000000000000000000000000000000000000000000000000000000000000000000000000000000000000000000000000000000000000000000000000000000000000000000000000000000000000000000000000000000000000000000000000000000000000000000000000000000000000000000000000000000000000000000000000000000000000000000000000044696c796172000000059003000200000014000010a09004000200000014000010b4929100020000000336360000929200020000000336360000ea1c00070000080c00000894000000001cea000000080000000000000000000000000000000000000000000000000000000000000000000000000000000000000000000000000000000000000000000000000000000000000000000000000000000000000000000000000000000000000000000000000000000000000000000000000000000000000000000000000000000000000000000000000000000000000000000000000000000000000000000000000000000000000000000000000000000000000000000000000000000000000000000000000000000000000000000000000000000000000000000000000000000000000000000000000000000000000000000000000000000000000000000000000000000000000000000000000000000000000000000000000000000000000000000000000000000000000000000000000000000000000000000000000000000000000000000000000000000000000000000000000000000000000000000000000000000000000000000000000000000000000000000000000000000000000000000000000000000000000000000000000000000000000000000000000000000000000000000000000000000000000000000000000000000000000000000000000000000000000000000000000000000000000000000000000000000000000000000000000000000000000000000000000000000000000000000000000000000000000000000000000000000000000000000000000000000000000000000000000000000000000000000000000000000000000000000000000000000000000000000000000000000000000000000000000000000000000000000000000000000000000000000000000000000000000000000000000000000000000000000000000000000000000000000000000000000000000000000000000000000000000000000000000000000000000000000000000000000000000000000000000000000000000000000000000000000000000000000000000000000000000000000000000000000000000000000000000000000000000000000000000000000000000000000000000000000000000000000000000000000000000000000000000000000000000000000000000000000000000000000000000000000000000000000000000000000000000000000000000000000000000000000000000000000000000000000000000000000000000000000000000000000000000000000000000000000000000000000000000000000000000000000000000000000000000000000000000000000000000000000000000000000000000000000000000000000000000000000000000000000000000000000000000000000000000000000000000000000000000000000000000000000000000000000000000000000000000000000000000000000000000000000000000000000000000000000000000000000000000000000000000000000000000000000000000000000000000000000000000000000000000000000000000000000000000000000000000000000000000000000000000000000000000000000000000000000000000000000000000000000000000000000000000000000000000000000000000000000000000000000000000000000000000000000000000000000000000000000000000000000000000000000000000000000000000000000000000000000000000000000000000000000000000000000000000000000000000000000000000000000000000000000000000000000000000000000000000000000000000000000000000000000000000000000000000000000000000000000000000000000000000000000000000000000000000000000000000000000000000000000000000000000000000000000000000000000000000000000000000000000000000000000000000000000000000000000000000000000000000000000000000000000000000000000000000000000000000000000000000000000000000000000000000000000000000000000000000000000000000000000000000000000000000000000000000000000000000000000000000000000000000000000000000000000000000000000000000000000000000000000000000000000000000000000000000000000000000000000000000000000000000000000000000000000000000000000000000000000000000000000000000000000000000000000000000000000000000000000000000000000000000000000000000000000000000000000000000000000000000000000000000000000000000000000000000000000000000000000000000000000000000000000000000000000000000000000000000000000000000000000000000000000000000000000000000000000000000000000000000000000000000000000000000000000000000000000000000000000000000000000000000000000000000000000000000000000000000000000000000000000000000000000000000000000000000000000000000000000000000000000000000000000000000000000000000000000000000000000000000000000000000000000000000000000000000000000000000000000000000000000000000000000000000000000000000000000000000000000000000000000000000000000000000000000000000000000000000000000000000000000000000000000000000000000000000000000000000000000000000000000000000000000000000000000000000000000000000000000000000000000000000000000000000000000000000000000000000000000000000000000000000000000000000000323032333a30363a32302032313a30373a353200323032333a30363a32302032313a30373a3532000000440069006c007900610072000000ffe10b19687474703a2f2f6e732e61646f62652e636f6d2f7861702f312e302f003c3f787061636b657420626567696e3d27efbbbf272069643d2757354d304d7043656869487a7265537a4e54637a6b633964273f3e0d0a3c783a786d706d65746120786d6c6e733a783d2261646f62653a6e733a6d6574612f223e3c7264663a52444620786d6c6e733a7264663d22687474703a2f2f7777772e77332e6f72672f313939392f30322f32322d7264662d73796e7461782d6e7323223e3c7264663a4465736372697074696f6e207264663a61626f75743d22757569643a66616635626464352d626133642d313164612d616433312d6433336437353138326631622220786d6c6e733a64633d22687474703a2f2f7075726c2e6f72672f64632f656c656d656e74732f312e312f222f3e3c7264663a4465736372697074696f6e207264663a61626f75743d22757569643a66616635626464352d626133642d313164612d616433312d6433336437353138326631622220786d6c6e733a786d703d22687474703a2f2f6e732e61646f62652e636f6d2f7861702f312e302f223e3c786d703a437265617465446174653e323032332d30362d32305432313a30373a35322e3636323c2f786d703a437265617465446174653e3c2f7264663a4465736372697074696f6e3e3c7264663a4465736372697074696f6e207264663a61626f75743d22757569643a66616635626464352d626133642d313164612d616433312d6433336437353138326631622220786d6c6e733a64633d22687474703a2f2f7075726c2e6f72672f64632f656c656d656e74732f312e312f223e3c64633a63726561746f723e3c7264663a53657120786d6c6e733a7264663d22687474703a2f2f7777772e77332e6f72672f313939392f30322f32322d7264662d73796e7461782d6e7323223e3c7264663a6c693e44696c7961723c2f7264663a6c693e3c2f7264663a5365713e0d0a0909093c2f64633a63726561746f723e3c2f7264663a4465736372697074696f6e3e3c2f7264663a5244463e3c2f783a786d706d6574613e0d0a202020202020202020202020202020202020202020202020202020202020202020202020202020202020202020202020202020202020202020202020202020202020202020202020202020202020202020202020202020202020202020202020202020200a202020202020202020202020202020202020202020202020202020202020202020202020202020202020202020202020202020202020202020202020202020202020202020202020202020202020202020202020202020202020202020202020202020200a202020202020202020202020202020202020202020202020202020202020202020202020202020202020202020202020202020202020202020202020202020202020202020202020202020202020202020202020202020202020202020202020202020200a202020202020202020202020202020202020202020202020202020202020202020202020202020202020202020202020202020202020202020202020202020202020202020202020202020202020202020202020202020202020202020202020202020200a202020202020202020202020202020202020202020202020202020202020202020202020202020202020202020202020202020202020202020202020202020202020202020202020202020202020202020202020202020202020202020202020202020200a202020202020202020202020202020202020202020202020202020202020202020202020202020202020202020202020202020202020202020202020202020202020202020202020202020202020202020202020202020202020202020202020202020200a202020202020202020202020202020202020202020202020202020202020202020202020202020202020202020202020202020202020202020202020202020202020202020202020202020202020202020202020202020202020202020202020202020200a202020202020202020202020202020202020202020202020202020202020202020202020202020202020202020202020202020202020202020202020202020202020202020202020202020202020202020202020202020202020202020202020202020200a202020202020202020202020202020202020202020202020202020202020202020202020202020202020202020202020202020202020202020202020202020202020202020202020202020202020202020202020202020202020202020202020202020200a202020202020202020202020202020202020202020202020202020202020202020202020202020202020202020202020202020202020202020202020202020202020202020202020202020202020202020202020202020202020202020202020202020200a202020202020202020202020202020202020202020202020202020202020202020202020202020202020202020202020202020202020202020202020202020202020202020202020202020202020202020202020202020202020202020202020202020200a202020202020202020202020202020202020202020202020202020202020202020202020202020202020202020202020202020202020202020202020202020202020202020202020202020202020202020202020202020202020202020202020202020200a202020202020202020202020202020202020202020202020202020202020202020202020202020202020202020202020202020202020202020202020202020202020202020202020202020202020202020202020202020202020202020202020202020200a202020202020202020202020202020202020202020202020202020202020202020202020202020202020202020202020202020202020202020202020202020202020202020202020202020202020202020202020202020202020202020202020202020200a202020202020202020202020202020202020202020202020202020202020202020202020202020202020202020202020202020202020202020202020202020202020202020202020202020202020202020202020202020202020202020202020202020200a202020202020202020202020202020202020202020202020202020202020202020202020202020202020202020202020202020202020202020202020202020202020202020202020202020202020202020202020202020202020202020202020202020200a202020202020202020202020202020202020202020202020202020202020202020202020202020202020202020202020202020202020202020202020202020202020202020202020202020202020202020202020202020202020202020202020202020200a202020202020202020202020202020202020202020202020202020202020202020202020202020202020202020202020202020202020202020202020202020202020202020202020202020202020202020202020202020202020202020202020202020200a202020202020202020202020202020202020202020202020202020202020202020202020202020202020202020202020202020202020202020202020202020202020202020202020202020202020202020202020202020202020202020202020202020200a202020202020202020202020202020202020202020202020202020202020202020202020202020202020202020202020202020202020202020202020202020202020202020202020202020202020202020202020202020202020202020202020202020200a202020202020202020202020202020202020202020202020202020203c3f787061636b657420656e643d2777273f3effdb00430007050506050407060506080707080a110b0a09090a150f100c1118151a19181518171b1e27211b1d251d1718222e222528292b2c2b1a202f332f2a32272a2b2affdb0043010708080a090a140b0b142a1c181c2a2a2a2a2a2a2a2a2a2a2a2a2a2a2a2a2a2a2a2a2a2a2a2a2a2a2a2a2a2a2a2a2a2a2a2a2a2a2a2a2a2a2a2a2a2a2a2a2a2affc000110800fc00fe03012200021101031101ffc4001f0000010501010101010100000000000000000102030405060708090a0bffc400b5100002010303020403050504040000017d01020300041105122131410613516107227114328191a1082342b1c11552d1f02433627282090a161718191a25262728292a3435363738393a434445464748494a535455565758595a636465666768696a737475767778797a838485868788898a92939495969798999aa2a3a4a5a6a7a8a9aab2b3b4b5b6b7b8b9bac2c3c4c5c6c7c8c9cad2d3d4d5d6d7d8d9dae1e2e3e4e5e6e7e8e9eaf1f2f3f4f5f6f7f8f9faffc4001f0100030101010101010101010000000000000102030405060708090a0bffc400b51100020102040403040705040400010277000102031104052131061241510761711322328108144291a1b1c109233352f0156272d10a162434e125f11718191a262728292a35363738393a434445464748494a535455565758595a636465666768696a737475767778797a82838485868788898a92939495969798999aa2a3a4a5a6a7a8a9aab2b3b4b5b6b7b8b9bac2c3c4c5c6c7c8c9cad2d3d4d5d6d7d8d9dae2e3e4e5e6e7e8e9eaf2f3f4f5f6f7f8f9faffda000c03010002110311003f00f9c17d0d380e3d7da9ab4e04804a9c718e3d2a8637b1cd3697eb494009de8a28a4217149451da80168a3b5140051451400b9a51cd37e94a0e0d318e1c1f5a7038e94dcd1bb9e4e4d050ecf18fc29f918381f87a522a9ee7a77a5db86e31ce4e734862672d93d476a003b703a5073d6931938eb4c00f39c726803ebcf5a3f951818383f8500358649001e2900a5624b1edce693d334083d78a55fae0fafa52ec21b6b70738e68231d71f9d0021cd25140271eb480500e78e0d3f9dbc9e07e544630cbbb18a4fa5031d9ec3bf039a39c71c9ef475ce78fc2861bb81d3afad0320e94a28e9d0839a6d33316909a38a29084a28a2801c1b0857039ee474a6d1450002968a2800a28a0d030cd2d2514c071185ebdeb5bc2fe1fb8f12ebd6fa7dbab112380ecab92abdff1ac8eb5ef5f0374fb7d12e96fb555daaaa662c067e62308a7e8326a64a4d5a0aec3992d5ec731e39f873a56817461d265b970abcbb23707b6e0791e95e6d2c66299a3950aba9c32b0c107d2becbd575dd335d9678e1d284b248a23fb448830c3382a7f0af9e7e27f84bec121d5ec612b6e1c4570bce437f0b73f97e02aed24929ab32215a9ce5689e6e718f4f6f5a6e7af5e29c3952188000e29a1b6f0bd3bd06dd4324a803a668046707f3a450bbb9271edd697242951d09e87d69086b1009f5a33b9864938e3f0a43c53978233f88a40190581c1c0ea01c6690f723a7606872371d8085cf193cd38bb32e3de980d3e84fe2694636f7eb484f1838c83403dbb7d7ad20172714a4e4f1c7e3498cad0c31c8e86818e0d9ebd077a01db93ebeb49904600a4ce17838a6322cd19a4a5cd2321283451400529a4a2800a28a280168a072694f5a004a28a298052d252f5e9c503377c21a31d5f5d40f1978201e6ca00ea0741f89c0afa7f43d01f4bf0e08e7022b8b9264756e809ed5e69f0b7c3a6db4db74906c79cadf5d3123fd58ff0054077eb935eab25f6abe73b473c124438c4a47ddc7e9ff00eaade8d294939b3cec655929aa70f993c56b720a981a11186c2e3b9e87ebff00d7acaf166996d75612fdb159ed664f26e36e381d01e073cfe5538d226bd90795736f0938c85948f4ed8ff3c521f07ea063609a8c5708fc15f33391f4adad492f7e5f81c94a2fda7373247ca7ace9b268dab5c58dc865785c8191c919acf1ea7f4af68f8cfe1597ec70ea6d1e6fac544576c806248fa249c77c601fa578c0e79fceb8fd0f756a0783c0a53c700d2e5b69407009e9487b73f5a4303f2f5f4ec685ceec838c5275e7a52f53c71fd6800639ea69076c7d68618cff008528048e99a03a8c23918a70e946df4340ce7d05031c73b7ae7bfd28000e7dfb8a5c920739e314bd7927eb486354704f6c518e3d314f0588c1276e3a66852aa79e7ea2802ae6834514190514628340051451d2800a5a4a514000a28a3ad0014b4945300adff06e80fe22f11436bb498501966207451cd6057d19f04fc26346f0ba6b17b6c5ae7553985581c792320fd33cd34b99d88a93508f333add3b45d0ad74739d45ad9ee80631a212a98000539ec2adc3a0c05cb5a5dc33a7452c482323ae3d7f966b765b8b0f973a4dbcc838cb28c11edf9d4d6ff6024b2e930c193cb212a6b475a6972c2f6f53914d35793d7d0c1bcd1ee21b53fe8f0b8cfcad149b4a9eff008d6188f5542460c5f3654ab60e7d78ff003cd7a4c5f62319daaac85720063b7db3f95519e78167fdfdaed42465a319c1c1edd71c0159c7115e2f4348469c95e6ae79d6a8d2dcdb489a846d347b4c5731ff0013c2c30473dc7afd2be72d77499344d667b27070adba327f890f43f957d9b7b1680d6ed3cf04f0ac8a7715e437e1dbfc715e03f193c2d14127dbf4f9a295616f2f683f315c6edd8f4c1fc08a3da39bd63666b49c57bb17a1e3c786e694647273d6971cf3d297af7181fad23a4637ff005e8dbe869cde99ce0d2ed2140ebc6680b0d38dbea4d2804631de976e31b4e7d723a503a72707b6280b0d6c6e1b73ef9f5a55069bc86c83d3bd4990768e071c9a4083185c8fc29305946327b91e9499e783c669e47cc318c63a8a0620239246475c527017de95720103a7bd33af7fd68021a28a0506428a434b4500251477a3bd0014514bf5a0028a28a0028a507079e692981bbe0df0e4de2bf1758e910908279332c87a24639663f400d7d87a3476767e1db45101b7b68904500e4e53a039ed9af20f807e1e8b49d2e7f105fc686e350cc36eb28e900fbec0fa93c57aa5df88a19dbc901238221850c38dbdfa7d2b39568c11cd569bab35148b532431b79712bc8bc361a320a927f2edfad68dba66df76c0aa32029e0b77e327d306b9a93c4da3823ed1768fc96f2d1703ff00d751c9e2db0f3898b5297ecea0623283e56073953efd315cb2aca7b2674470ace8ae668adf7c392aea4214fbc0fd38c839ed9a8f74f6fb56e117cc600288fe6257272738ce7a71cd6643e32b7b8622defdf2fd15a4c7cdfd055e79d65045eb34aac302459f38538078cfe3ff00d7ab55d6899a4a838b2610aed64f364058e5993d874e7d79e381f9d73fe34d02d351d036c90c65a11c49b08665edcf43d7f2ad1974b992632402e614c70ad26431e7ae4e7a54c16ea7fdc18a264c6c62b211b720e495e87e83d2b74eed38b33e4503e3bf1168efa1f882e74f61958db31b1fe243ca9fcab33f0c1af58f8bfe1792d9cea240f321203e0fde43d08fa1e7e86bca3a36056ce269177d431ea695701bb907ad2751e801a3a7b7ae0d49439465828c039c6738a6b007ab638a55058528c0c673f5a07618c32bbbf4a45f7a7eee30541e3a9a451c74cf340ac2edf423140ec3b9e314aaa19bef2af19e7b5309ff00eb5218a47e3c7634dc67aff2a376694e474fcf3408829692968320a4c52d250000d145140053b3c014d14b4005145140056a786f449fc47e23b2d26d7fd65d4a1371380abd493ec064d65d7a17837478acfc38fabcfb96f6ee6115960e0aa2fde7fa1240cfd6aa317276435b9e9975ae436166b6ba61f26c6d54436ea5b3f2a8e09f735cb5e6bb24d2fcae486ff6bfcf5acabdb991d861fe441fc3c7e9f4aa6849605f273cd546824eccd3d0d8173230240caf7c71b47f922a78e790c6739201e7b8acc595559776d2076c7f9ebef53898146ded97ff0064e063fce2b554ecb61a6ee5a5bc78e5dc242391f364e474ff00ebd6ed978aae2cc2ed906dea32b9e71dab97597cfdddc63f4e9f9d04b63723152a383e80f5e9f5a6f0ea6b50e7699e9fa7fc47b8f3516658a4c707cde54fe75d7699e368276cccabb9b276a70a3f0fc3b7ad783c69e66026ecf23681dfaf4adbd2aea7b79000c54707e5391ce79ff3e95cb2c0452bc74345514b747ad78e34cb4f10e8b25c0077c917977081321d71c93f8679af90f58d2e4d1f57b9b09cee781f6875390cbd411f518afa9342d59628248ae252639576100fcbcf19ebd6bc87e2f785a3b09c6a567b1b649b25da08ca9190df9f1f88aca9b716e127b0a50b2ba3cac7381dcd48791f2feb4cfe2c8ec69ddb07a56c409f5e28382324f4cf22978db8ebf4a46e8031fce8001c1c13f43e9499eb81f8e6918e79279fad0bf37e54085ce147bf7f5a3807f4c5388ce73daa3c76e9486c5e074e73dcd27414b803de9738ebfad02b15c52d20a0d06414502968012814bda9280168a314500145145005cd234d9758d5edac2dc664b890203d864f26bbb69de055b7825325a5aee8a138e02824e47d4827f0acef02d8c91472deac1be4b906de060794e9b9bf2e3f3aeb1fc3d334a96f026523033c0e4f7fe66be8f2ac2c5c5d59fc89588a74e5691878f94161ed807b67ff00ad4830c37e09c82703ebfaf7aeb6c3c19757134667dfc8ebd31d2ba7b3f87f6f1bac823396503a751d6bafd8e1297f11dd9cb5734c3d3d37679706901c790f953d48c669512f99c46f6ec4751c7f9e6bdc2dfc0d04c176da31e3bf1fe7a56d5b78262da1bece80f41f2e6b3963f2ea5a72fdecc166f297c149b3e7e8d2758d8cb0b260fdd23fce69f249e5da1628db8b61b2b9e3dabdfe5f035bf9a03c6859c1c9d9ed5ccea3e05b67d41e030311940184791939cfe03fad631cc32dab3e4b5996b3392d6a5368f21b5b88ccaa51b1f3820fe66b522ba006e73b881800e79e2bb9d4be173dbc464b6c315ce307ad79ceb5e1dd62dcb111b6c071c01923dff2aea8e170b8b57a135f33ae8e3b0f56564ecfccde835a822907ef18381d8e0119f4ab5abdc43ade8f24371b64578c8f98f2a08c67f3af30fb45cdadc112ef0df77a62b6f4bd7dc4be5ccc70f81b73c1f5cfad7935f012a4dc648eff0069f64e0ef2d9eceea6b79461e36209fc6a1c93c91935d1f8aa059271768aa307cb7007503ee9fcb8fc2b9cef807007b579728b84b959901e71dbd69bc9209a1986ee050c4a818e4fa62a06239cf7cfe14abf2a0ff39a39c64818a01c7b0c5217514f2010318eb4a4607eb827ad2a2f1c839cd2b0180739f5f6a0ab1115da7a9fa5281ea7152951b4ed208cf0298bf87e54c562b62928a5a46202928a2800eb45140eb400b4514500153d9dac97b7915b43f7a570a3dbdea0aec7c03a39bbd416e197259c4512ed249cfde61f414d6e4ce5cb16cf4ef0b69f6d61a5f990c6b8b71e5425b927d4ff0033f8d6fe9ba5dd34eae189ce7838e3dea03e4d9343688c8c90af5cf53f5a75df88a1d3edd658a6dbc64afa715ad6ccaac23ece91e153cbf11899b93d133bcb0d2822afda2419f4e9cd3ef3c43068b288d96328704127915e2babfc489233882666ebca9ef9ae6f54f88179a92812336477cd7892a58fc4cbf7b3d0f7b0b95e130dacb567bfafc46816e2419431a9e98c7d3158d71f158dbbed8f0159c9233d327ffad5f3d3f882e4b93e7b727d6abbead2bb6e32367eb5bc326537efdd9e973e1e2ad181ef9acfc539aea65fb2dc34619369c1e99c67f3c550b6f88b7963317965122a9c85dd919c57887f68c8cfb999989eb9ef530d46576c96efd8f6af429e4ca31e58a265eca7bc4f77b1f8c594316a11c6e09386000c0ab5ff00099697abc6f9823e7a11d49fe5c57cfdf68ca8f9b273e9edd6a7b6be3049c4a6301860edcf7ab593ce8be6a774fd4e4ab84a157e2823bcf10e93617b334906d5f2c64e4f7ae36e34f92d88742dd32bfe7f0a9575c9d89dcf90dd49ef56db504be8d124639e7249ede95eb53c5578c792aea72aa13a5a41dd76334849a368ee7698e5055b071b4f63f9d7293c46191e3906194e0e2bb49ad096318fbadd38e3eb589addaa1f2ee42942a3cb9c139cb0e87f11fcab9b1704fdf8974e6dbb330923cb9cf41eb4e948dbefc735217e98c0fa8a8e45cae410727a579c74dac88c67eb4e238ce07b5393b1ee7da9eca02673c67918a4349d866e25b2727ea7ad2e3e6c71c9ee693000e3a538af1fa007bd02056c646ec71e9d695958fcc07ca4f1da9a8849c0079e82979504719cd0514c52d26294d073894514500145145002d1494ec71400f8217b9b848621979182815ec1e199b4dd1615976716f108924dd905bf89bf13d2b80f08d9c26696f2f1bcb40a6389c8e3791c9fa815a5a8eac360b783ee81d40ebef5db42873c1cdf42a308cfe2e8749a8f8a043bbcb7320739619e9cd727abebf737cdf33600ec3bd676e79e4c024926adc3a5bcac063392707f0ad28e0b9a77654ab25eead119a4cb27f80a05a4a7aab1fc2bafb2f0faa2ab901b8fcab4edf4740c848e0922bd9953c3d0b2392a632117a6a7089a6caeb909f89a9d748948040279c600f6aea2fa254710c09b891ce056a782ac276f16d95b4fbe34b82e5369c6e2172547d466b178fa14e7cd35ee2dc8fadcace56dba753864b10a3e65ce471cd588b4c32283d029dbcfd2bdfe3f0568335f49025ac5248aaac615b95f941efef920fe54ebff00006950d949249657100405b7ab07031dc919e2b4a7c5390ca4a09d9beecce7994a0bdea135f23c413c3d92005604f20556b8d0658ffd58e9c10474aeb72279182705580e3d39ff003eb5716d3ce519fbcc7a7527f1ad69e611e7765745ac455833844d0ae23647957e46ebcf24669cfa7cb1ed308dc09ebe95e9fa66911df2a2c98193ebc73f8553d53c28f671991632509e78c738e87f3adfdb61ab696b33658a6fe2470304de493e71dc0923207eb9a5beb68ee77091b64770082fb7386ecdf9d68ea3a69463222ed527f107b547696ed770340e0e541d87be7dab927864e2d17269fbc79f4a8d0bb2c808753823d0d339dc40c607eb5b9e27b5916f4dd4bfeb243b6518e8debfa7e9584062be6aa41c24e2cda2ee8917e53e840f4a6b3e739c1c74e7a529240c1c8a691c9c3023d71505b7d002f38a90310bb4700faf7351a039ebce7ad3c0f941e05210a3919f6fca8fbbce0f3e94bd1719c64738a4c8000727fe027ad0329f4a4a2834180aaa5ba60719e4e2928a2800a28a28017ad3a34692454419663803d4d32b7fc25a63ea3ac26c50e54854527ab1e07e5d7f0ab845ce4a2899494539337e3861b4d32dad572be4e4b631f33f739faf15952c2669891cee3c67d2bb4d7341fb24496c9c4806d25bb7aff2ac5874a9149cf23000ed5f6156852a54a308bdb739e35a128de2ca9a769a4b0e39cd74fa7e9bb147cb8e99239a8ed2d5038dd9000ebedeb5d2582296450adb76743c73dba77ff3ef5e3d4adc8f466528caa3121b00d065d4118230ab9e73f4f6f5a90c29058ee8731965e083cf1edfd78ad072a2d4803055719dd9e71fa561ea177280791823b11d31e9dbd2b81ce5518e9e19750d2ecacc4e6e2fc0201c85cf6fe75bb2ea360a90be235489fcd880182add01e2bcda4d51e28d910b29041e7bfe359f26af31608653b7b91dfd2b9e787f69d4fa0c3d6a14216504d9d3eade32bbb5d7aea2802796803072724838ff001a92dbe20de8b76b62d2f972821a3131da7231c8fa5711753fdaeebcddc0128148f5c74abb61128ba05486e7907fcf6a16068bd3951a4b32af276bab7a2ff23d1744d4345684a187e76277499218f1f97d063b5694ba4b2c2648b0d1b64a303820135c8d9a8f3a360140c1ca28e0f35dbe9521906061546012339c763faf7ab545d2778b399c696215a5149f90dd3e5449141da177618723a0e31f5ff0ae9a5962b8b258dd01006e240c803af1c7e3592da349e52bc4c143365f6e36fe44d6ab44915b9dc19f2842f006debce3ebfa569ed6ed34651c3ee9a38dd5f491b5de22aca724903ae3391fa573aba5b4131703843cf3c015e8324023470c09006707a9cfd3b73fe73590d6589492a3613f360eecd7ab4710e4f959cb56835b1c86b7a12ea4af128da2ee2211bb0940ca9fd3f5af2778a48a668e552ac8c4329ec41c62be889b4e1710c96a4b038dd0b28e430e7d2bc83c71a39b3d453508a30b0dc92b205390928ea3f11cd70e369ebce88c3b6bdd91ca11dcd3540c019e73d69ee7a8f51c714c1d2bcd3b1d89140e98c739dd4b91e5e4924e3d3a539412aabbbe52d9e29c57200c0c12483d3340ec478600fb8ea2908fddf6eb8183d7de9ea18000918ee33c0a6e3ef64e0e7b51b8147345068a0e70a28a2800a051450028e4d7b4fc2ed025b5b7379246ab1db8cb3b007f784723f00715e5be1ad3cdeeaa8db772c4436dc7de6fe11f9ff2af726dfa2f84edb4e8cec96605e423a9c9aedc2c35737d0f371d2728fb25d4aba8937f70f323ff00160107afa1154974a7578b785cedcf26ac41f7f645950a38cf1dbb7e75d008c3ae1957e550abbfb0c76e3de87889c65ab33a586e58ab1cb9b3655180c76ff78e31cff9fcab46c1bca640546f5e99278e9fe047e55a8d60b2cdf3af118c7cc795393f9d4973a6c70afc8caa7215c6ce78ef58cab5393b367a70838ad8a8ce660559b2a1704edc73e9fceb175287e56937f55299271f8d685cdced51b8e180192be9cf7ee7afb7355aea60f1fc9f2938e3a96cd3868f43651d0e02f61db2119cf39cff009fa566cb6e5f3d77038fa5753ab69ee58c88bec7079acafb2b82091c31ee3fcfe55d6b996a913caccc874d91c1da739cf39adbb0b43148a5b033d4fa8f6153db4512a804b0e3a773cf4ab01508fdda7200fd056fed24d6911fb3a9d4bd6784036b905b9c7afd307ad743a7ceef1ecdce38c61475ff0039ac4b384c911c2fca3a9c7420574f6104acb1ef8f1c119da010b9c93c673eb43a527ab368e8ce9f4c2d77a746ae1830192d8eadc74eddf14cbd7659879a738e3e519c64ff009fcfe956f4e65834f545e0904e738046791f5ffeb5437b1a4f0e4072ecb9dc4e33fe7e9e95c8a1667a34e6b97533e5944b8debf7895014153d39e78a4922030323775c819e3b7b75e29f044e9348b3bb01b324800e78e3a646719ab896a27c247dfe5ce7007a13dfd7f4add7b8f430a96915ec235924f9b0707804f6ee40ee79ae6fe22784cddd9cbbb3e5dc2b3099e3c2a4a390011ea7f426bac8e0f26e15194aa900862d82a33d7ffd75bf35bc775e1d9ade70242c0c9196270ac0631e87bff9158d799c13a5caf98f8d26431ca51d196453b594f623b535003d188247a5767f117c3b1e91a9c17d699fb2dea74ce4ab8e0827b640cfd735c7aa1ced40093d39073c570356762d3ba2c5b80542b3601f5e86a491159504980a0f45e38ff1a645c26320e08079e6a5e71b549c93d7ae7f0ff3f85235dd10b0cc876956c12467b8a880c9e4671c1fcea631b1cb104a2f5c76f7fd69be52be0139e09e9c75a42d76324d141a299ca14514500140a2b4f41d3ffb43558e3619893f7927b81dbf1381f8d313765767a4fc36f0faac714b347929fbf9b23fef95fcb1f9d75fa862e6ed9dc968d4e1083f97b7a56f697e1f5d0bc1b0c77276df5d9f3241e80fafe158fa841e4a47b55793ce78c7d4f7aebf68a30e447954dfb5aae6caf636bba6c28ce4e467a5697991c4f2331f94f1b8703f0fd2ab5930b5655391f3671bbebebfe79ab538f383829820703a64fa8f4ebfe7b72397bd696c7a704d3ba191dc317f97e5504e400783edc53219e59a43e693e58c12a3a938e4555746864013e6ceef43d69619668e5d9245b06e38e7af3ebfa52708ad51d51a89a2dbda25d4c81a325b04363a0048edd0fe9550e8a4de490a3f961546588e9c7427fa77ad2b09a368436ed8e5790df5e3f90fc6a448585b4be430490b164723a31e3257dbd3daa156946469c917b1cfb68cde4b677679da5896f4ea7a77aab2786cb1f2cab29c709b7dba8f5aeae0963b458f01940e9919c8f5356d2e6049b706562c768c71cfa8fd6bd08636a475b5cd1619bfb47047c2576d285119241c8c9e83d6b4ecbc177b71228099f987dd272b9fe55d8bdf3fdb12e0c2311ab2b008304e47f2fd6b62c35599263b4045618e14af39cf1f811f8835a4b3cab08d95344bc1577b4cc0b5f04de5aaa4d326d4241dfd41c9c75edf5ad71a27d8b6a1da85790f9dd8381f9ff9fad5c6d52e1ac9a39652f8050e0f1ffd6aabf68925daa18b28c024e324ff00fab15c8b1b8ac47c4ac8d2382e4579bb96a0b7cc2ccb8fbcd9f948c9c0f4e9d3150c96257055c02dc01f78e33ce066aca5a4a154ac83e65e47f77d3f5fad4b242531b3053d30063fce6ae32764cdb934f74e76f6d7c9d8cad9c2e00ea0f3c018e475fe54eb3c797b43b719cb919e31d3af3ffd6abd7ca43b6f32028c768c7527fce6a920f9c2e092a0296240ed9c577295d6a672ba62c9fbc909321561d013b8b13c64fe82ba1d2ef4c7b36a7cc9d159b20927a63e98eb580143dc29900d9920ee1d7bf04f4e95d1e9b6c5551e3da14373b481f99f51c573d6e551b3234e57738ff881e068f5db3d474cb18d165ba4fb55887e36cabc950def8e95f3090d0e5248cac91b60e7aae3a8c57dd779a32ea36645b3f953dbc824864e7008fe86be54f8c1e157f0f78b24bc8a2db69a8316520ee025e370cfe20fe75c1ed14bd4e585ed668e11086fe1e720608e94ad2676ab8dc1720e3f953048a10296eb82475e7d69864c118e7d4d08d1ec4ea46c24f41804e7af4a73055e2238e79c9c7f9fcea9336e5f7eded4e2ec541c0cf73cf34c6a4675145148e40a28a2800af4df855a125dea7079cac44c7cc931fdc5e40fcc67f2af3ab1b57bdbd8ade304976c71e9debe92f87fa2fd83c392df346b1497188a2561c841c0ade9455f99f43831d5bd9d3b7566b6a5a87da2f5b6fdc8861739c2a8cf15932379d292e09d98e49e0fe7dbdeb6a6b2088d856da1bb0e33e9558e9db637914952571bbf0ce0ff00857354ab094b4230d38dad639fbb4d8f91bb1caed0338e38e9e95592ec96604e006e7df8f4fc2ae5e091720e43f73ed8ac6965da58f0b9054715ac75563d784174351eee3c850cd8c641c75e4549fda30a280cc580079eb83edc573ed361990fca76e719c7e951bdc322b871938c8c1e9512a693d4dacbb1bef7f044ac5252a0f00119e3ebfafe54f4bf6da1958b1033b40eb9edefd2b988e60c1863231ce7b7ff00ab1572dccb2c8ac7083209f7c7f93571845ee38c9a7a9d4c57123b3138f93243312707b0fe5531406156cec5ce0e0103af24ff002ac649a7f34a97c0da006ce08fc3f0ff0039ab519ba5819f3bbe6cafa633d69a518ad19d3ed22cbd24376910114dbb2493fe03a73d6ad4515e1740f70db9b0cdb7dfa8c0fad623df4e1554a86e7fbd8c0ef8ad387539f3198f66001938ea3a7f2c8fcead392ec67a37a48eb6d6cd93709a456c0c6e639c9e7fce2afc1044b1aed8be60700e78cf7ac7d3ae8ca8cd2640e3a80320f4feb5ad0b2fccd9246df971d31fe41ae794a4ddae762b35dcb580222a0ed0bf2e17b74a6c808277f63c8f41fe7bd28900daf81d796ddf5e31ebef52b465db8cf000e38ddf534539b4f5d849d999b3465d09c2072bce40217355e2b278c30298dd863b9738fc3bf7adb1002e0e0aaf23683d2a55b61e61dc4e31c827bff9cfa55bc52e5d09938dee61c764be7063d437231cafa03fe7a5743a7db2eddbc67b60f503b9fcc52456a8f2e044547651d718ad6b7816dd40c018f954e7aff8d71d5c53b58e69c92d112e9bb518c6bc003803d3e9f5ae17e30f8553c43e13bf84c64cf1c5f68b560a0fef14f4f6ea467fda3e95deda29f35ba2f7c0392793fa53ef2d21bf8fc8ba42ca411904f1fe41ae6f6adb4d6f7399bd4fcfe9148caec21b38208e87bd359d88c13903906bd0be31f84c784fe20dda5ac7245a7df1f3a0dc73838f9864f5e4e7e8d5e7606ddb83ec4e7a57a49e801e63638c7d31d29b9cf7cd0e3693cf18e39eb48a9bbeef1f8e2ad09b654a28a2a4c028a28a00ec3e1e68cfa9eb602725888c7b03f78fe55f4d5b4712c11da4418244a15063a6057867c1cb3169adde5d4f2a86b7b65658f23abf39fc863f1af65b5ba59e552add1b279ea2bbbd9bfab5d753e5b34acfeb16e88d07b2dd36d0540c741d471d47f2aab776f854f97773850083b7f1c7a5743a7db477102b300769dcb8edcd32e2d418da1fbd8f9ba13bb9ebeb5f315ebaa73b1d98253a96713ceaf2d9a42ac01c92727193ff00d7eb591369d92df797d8fa63dbe87f3af44b9d24966654c939dc31d78ed8aceb8d283b32c480afdd015338f5e7fc29c71896ccfa5a74db3cf25d3260531f313d88efd3b75a81f4e747c30da08cf2bd31cd77f2691b08655ea3aede067ffd5eb54a7d2a5766ca827dd70071d4d6f1c75dd99d4a8dd1c72d9ec6465030011cf03f1ad3b7b700204dc0ae7078c1e9ff00d6ad81a69c47ba25238fba39ebfe7d29cba61760ca5d79c6d0b5afd657435850567728884b3064007404311edfad4f89540da73bb23af1c7f9e95a51e96a5b1f3107e50cad8279f4ff00ebd23e90ca582f23ae771e7f0f7feb43af06acd9b2a4944cd31cab011200f32b1dca7eef51edf5ab30b794cbc1c0077762c73fe7a5690b3dd0b2bb12c782e473f4fa53a3b2fdf286e540c1dc0e47d2858885acd83a3657449a76a0b23cea141609f91fe9deb6acccb26c2376ddc55bb8f6ebf5acbb5b58e12331b1c90e707a75ae82d8a2c05163623f880ce78a52c4d34ad113e64b5346d6db7ce9938254e4631fe738ad25b7876855c8651d79c1f6fcab36de405405dc7b1c7e87f5ad28a42581404c8a3200071fe3dabccad8972d2e71d4932cc76b1c68016ea3bfe3c5450c2b2ab11c8038f7c71f9d3cab39c8575193d5723ad48914808c21c01c678c5723ab37bb32bb1208c0f9fab0c76e33fe71578209150b0048ed51c7110a015c01cd58407a1ad20e527621b1e802f03814edbf3e69bb7914efe2eb5e953bdb55d4cd9e21fb486811dd68306a28bfbe8db2383cedebf9a9ff00c7457cc2c370ddc02070319afa53f683d70fdaadac0fcb6d6b0bcb213d1dd8600f7c715f3431381dc027ee8eb5eb5bdc88e3b084e538efd698012781bbf4a937646012401819fad34a9cfb119e941454a4a5a4a460140a281401d3697af4964df6cb1bb1697a23f29c3265654f461f80e6bb9d2be26dba5bc0fa8b34738f95c44bb948f5ff00eb5790d15ad3ad382e54f4ec7356c2d2aff1a3e9cd17e37784e18b65dde5c26d0394b56e7d6af4bf1cbc0cd85fb75e0247205a360fd79af9568af3ebe0e95797348787c3c30ffc33ea67f8d7e04ddb16f6ed1d9946f16a76e3b67e6e3154ff00e17a783229e50e97d205385748d7e7f53cb57ccb4562b2dc3aeff79d8aa496c7d2573f1c7c10fe5b243a939720baf94a3660f4fbdcfe1549fe35f84226610dbea0cbf310446a0939f73dc57cf54552cbe82e9f897edea2ea7bb49f1b7c3acbc6977a7fe068a7f91aaeff001b74659818f4abb65ec5a5518fd0fd2bc468ad160e8ae85fd6aaf73dddbe39680d1c79d22f3767e71e6af03dbe5a924f8e1e190ca20d32ff006ed392ccbc1c71f867f9d782514de128be82facd5ee7bd5c7c70f0e1949834dbd653d0b38047af63eb4d8be38684b1fcfa7dcee2482a1fa7b838faf15e0f450b09452d86b1555753e838be3b7871198b5a5f12b27c9b82b6e5c75f63edfad2c3fb4169084ffc4bae338c83bc601f71b7ebcd7cf74a293c1507ba25d79bdcfa2d3f68bd282b3369d73bfa80b27ff63566d7f691d222b766b8d3aede6d99454938dd9e8491d31e95f36f53c1a50692c0d05d05ed1b3e9283f698d245abbdd691786e7ccc05865f93663ae4f39f6e94d7fda7ec99498f48b856c9c067c8c763c57cdf9e29739e9d3e947d470f7bf2873b3e925fda82cc91bf489b6ed19dafceeefdfa75c520fda76001c8d21d9ba21278fc79af9bd73db8ab0ab85c1391de9fd4e8f61a91f455cfed3f6e13fd1349983797ff002d06406cff00bdd31fad624ffb506bde4badb69163e6b0c2c8e5b087b1c679af110be632e08c9ef9a4099c607e35a468538f41b35fc4de2dd63c5fab3ea1afde35cc873b401848c13c003b0ac6c00720e49e94aa9bb7007a7be28e3e5dc011d0835b90d58476fdd802910fca01247a7a521c82777af4a729cf4fd68194a8a28a0c0281452d001450290d002d19a4a2800a5a4a05002d145140051499a05002d14502800a28a2980528e94829698c5fe74520a534863d40e73cd2819fc6983ad4ca371c1e83141420fba79a7a9f97dbd29ac3e76e4f5a4de563e3d68ea55c793db3c0ed52238eff0030a8371dc053d002993f4a4545ea4ebb1f23a9fe1e3a9fff005524801c9dd90c7218d31002a870393403bb693420637a2127823ae28e0818ebe952a82501dc4657381fe7dea366dad8182067a8cd0247ffd9, 'dragon');
INSERT INTO `users` (`username`, `firstName`, `lastName`, `email`, `password`, `usertype`, `province`, `city`, `photo`, `badge`) VALUES
('darkin', 'dilyar', 'arkin', 'blackcohn@gmail.com', '698d51a19d8a121ce581499d7b701668', 'user', 'BC', 'Kelowna', 0xffd8ffe000104a46494600010100000100010000ffdb0043000a07070807060a0808080b0a0a0b0e18100e0d0d0e1d15161118231f2524221f2221262b372f26293429212230413134393b3e3e3e252e4449433c48373d3e3bffdb0043010a0b0b0e0d0e1c10101c3b2822283b3b3b3b3b3b3b3b3b3b3b3b3b3b3b3b3b3b3b3b3b3b3b3b3b3b3b3b3b3b3b3b3b3b3b3b3b3b3b3b3b3b3b3b3b3b3b3b3b3bffc000110801e0028003012200021101031101ffc4001c0000020203010100000000000000000000010200030405060708ffc400421000010302050204030605020503050100010002110321040512314106511322617132819107144252a1b1152333c1d162e116243443722592f11726355382f0ffc400160101010100000000000000000000000000000102ffc4001c1101010100030101010000000000000000000111122141315102ffda000c03010002110311003f00f3f0130164c0220280009a1300880803409bec988136b05004d081404404c02308161184c02308140ba202602e8e90816110d4d08c205011013c5d101508026d29a110140b0886a6844040ba510130098350286a21a9a134590242309e11d28121184e1a8c204852159a795210269461342308121184d0a42058521342908042908c2308161484d08c20501484d0a42010842785210242909e10840b08694f08420421085642108858461300a422842908c290804290994840b0842652110842521589484556502139081082b21021390842a8421084e8420485213c20420421484f0842292144d0a2210894213a908aac84215842584090810ac210841516722c500e8b395a4252d91051186026025401300a2a008c22023082008c2802282008c282e9a10001101101101502110251011014021342908808242308c2210084611844040004d08808a0109805004c020109805004c15021100230980442808c2308c2058521342908161484d0a428161484d082284288a880228c2908022a423088108a202908a8a4221140b0842784102c2109c84210242909e148442c2909a108450461484502c29099084408421321081484a4272103108a4281098a0510908427210854242109f84114b08426d944421081164f0a4204851310822961084c54b7288421084e81452c2109944090827842106100980b21098282260a008a090880a0d910824260144610408a8118ba0802308c2280423c230a0082008808c2210084d0a045048454442020220280260104013b5a4827b20130b2a810980500b2308042308a908042908f2a2058521152100521151452c2909a14402148461444485144515004614511111521484508522e8c29081544ca4221544d084200a422a205513428816114508450413420885286e9d211640b084264150b0814c5450244a109d0202a121484c5040b0a4264102a529c842102c72a225028a0504504014450440dd084ca22b042608009a1404221009820898040268410044280221014420026841114023080a88c221040880a0442088a908c2088850221010110a044220a70942601505151108228a228072a290a200a2282090a28a22823ba8a288908c28a22a008a97511111851408242908a308a55213290801421185102a89a1084404134208a864a08c28804288a9080208c208807d1294c7ba10814a54c504010844eea20541342080254c86caa8208a05101021320514a5444842102951121028810a2281401453946106104420130514611502280844201304040442013041022a22820454088410264114042814450108a0130082045408a0802640228180450088550c114110501514952504514951005115100539514410a8a22a2822a2282428a2211100b2214510151182a0450851152102c289a14840a84278420a216108b2621021000a2308200a6e8a881614461084504a531439550a5029884b175004213205004a98a0a805045028020990281504d08420551122ea205842131410040d9140a00a288a0c208a011514c884022a8298254ca0299284c80a22c822808450450147740260820450099044c10461014420130411151108828a0110a86ba295304137450450140a3c288042908a8a0110a290a422a288d948444502202908222881652115144ec639e618d2e3d80959d4323cd31105982ab07970d23f5551800290b7f47a3f317c1ab528d1078d5a8fe8b3e9746d06ff5f18f746fa1a00fd5457230510093112bb8674f65546228f88472f712b2a961b0d44453a0c67b3004d1c2d1cbb195ff00a785aae1df49859b4ba6f30a9773594c7fa9dfe17605238c29a39d1d287479b1803f8019658988e9bc6d205cc753a8076307f55d51252b898e134702f6398e2d7b4b5c370784a575d996594b1cd2eb36a8d9c07eeb97c461aae1aa9a755b047eaae8a1029a1421102108460f0a229504d0a42210841310a42a110299050294b0988421029dd4289dd02a8537511421005084504014845440b081ba62a6e81210e534208a5413428885210844a851582364c822a02982011080a2804503229532021109532021108221014c80450145008a020221008a0213254501098201108830884213054144201108222a223d90451450a2a282ca22049036930140118e574d87e8c3a43b179a61e8822618d2e3fd96ce974bf4f5103c6c755aeeedab40fd02a38685652a156bbb4d1a6fa84f0c693fb2f46c3e03a6b0f1e0d2c2c8e6a798feab62cc4e15a032957a0cf46900288f3ac374be738882dc0d4603cd4868fd56cf0fd0b8d7006be2a852f412f2bb7696beedaac3ece05034dfc13ba6ab99a1d138065eb626bd63d9b0d1fdd6c28f4fe4f873e4c0b1e47350977eeb6be141d8a069a829a4ca74469a3469d30386340fd942e2664ab432394ba2fba0a0c91b94ae3e8af735aaa207a94149290efbabc811f02ac877e58415917e5290539066e61296fa9415b9bea1564493e6590291738340249b01dd16e0ea3e954aa1a0369121e490208418a6fcac5c6e0a9632916556df8772164b71186a8e8656a6e2371a93168fca838bc660aae0ea96beede1c362b1e176b89c2d3c4d32ca8c9695cc6619654c13b5005d4c9b3bb7baa300843e49ca08150894c50550b0948ec988420eea0440f74f0869e50225e139b1437408a22420817951342042a02108fba9b2010a28a59002822a1080425213288161294c54840b1281463b2108304221008845304420364665404221044202132508a0608a54420605108045030445900884046e884022101088086c98202a288a0211502d865f9263f321ab0f47c80c6b718088c1011e175187e87aee23ef18c633b863493faadbe1ba2b2ba706abeb563eaed23f44d57042cafa184c4e24c50c3d5aa7fd0c257a661b22caf0b7a597d191cb9ba8feab34546526e9d74e98ed20268f3ac3749e7389823066983cd5706ffbadae1fa031260e271b4a983c536971fecbb0fbcd016389a5ff00bc22dc660e40fbe5099dbc409d8d0d2e88c9f0b4fc4c5d7af54017f3068fd17259fe5d4b2fc7918627eef506aa726481d96d3ad3a96a52c69c3507e9651e41b38ae59b9bd7cc89150f91976b3b13baa860aac538b70d51e0c16890ae8930abc4b670f507fa4a8322b751631f49b3f940dcac439de21c64f1c6a2b13e2a0c20fe10aa2dd20c9535595533cae4ec64767256e7b5c1925ff55ab79f36e964c6eaea637f4fa8ea37f1d41f359d47aaeab482dc5d561f72b931251d934c77d86eb2c6036c76af4719fdd6d30dd6b8a8fe653a3547788fd97970374edab51976bc8f62aa63d768759e0de40af877d3f56995b7c263f2fc7ffd3e298e71fc2e307e8bc4a9e61896112fd43b15b6cbb33f16ab69c163c9b1053a3b7b09a11c2a8d2876e572781ea1cc70b47c135daf68b0d63510ada9d49991008acd1ea18165a748e68880152e6b8db495cc1ea5cd5add231079be913fb2d6661d479c8c254a831b5416ec4088551db963b6d2868937d9792bbad7a869bbff00c9d5207060ad8607ed1338a647de0d2c40ff005360fe89868f54756e6f82ce71180a553eec29d51a481e68e082b9aa99f663568d60ec6d6736a3a5e0bcf98faaedb119af4df563594f37c37ddb102ccaed3f0fcfb7bcac4c47d9882c9c0e681d4dfe66f8b4f8f7055db0c95c33331c4527ea6567b4fa15d7747f5862f1198d2cbb164d4654f2b4f20a0dfb2ec6177f3734c3b5a7f2d3713fd9745d3dd1997f4fd5fbc34bf118a88156a0f87d8709bfa637ce207754d46b2a34b1cd969de55ee98e1239a6d7fd1655cd665951c39356882ea6771cb7fd96b0aed4b499113eeb4999e4e40757c337d5cc1fd951a3421311bca07740a7b4211dd31dd0844294a5394a420528108a850210842628140a54f7462549542eea236408402104d081401028ca1210441152c8161045440129098a8506b8228046545304402413db741112808450510322823c202992845030288402210144209820299284c0203ee8fc9008840422144404466e4f87a38ccda861abba1b509f9c70bd26851a7429b6952686b5a203470bc93135ea613c2c55230fa4f0e0577b98f548c274d61f1f40457c5b7f973f87b94c56e330ce32fca5a3ef758eb3b5265ddfecb9ccc7af31219ffa7d0a745a4d9cf1a9cb90c6626a576f8f55e5ef719249b94951ce7e08380b84f88df7f1ccdf30a0f754c5d67db669803e8b9bc462b10e71d55aa13eae2b779133c7c3d46de7dd6a71b84732b3db1ca9caae30055a8e13e23beaac151e23ce7eaa370c40b844d026f1b272a603aa3ea31ed7389812afca4f9dfbed6550a7a1d2400349174f963c1c50a60ddc9a36c83e0d377682b7d82e92c663f06cc4d0aacd2edf5f9437e7cac7cd724a586c1ffcbd77d7ac1a43fc3617341f42aa39ba0d0ec35331f87b2af12d01b20214df8da1866506b012d1049dd63d676344eb68f45158ee6f992c22ea95e6ec05566a54260b50583dd1baabc43cb51f10764168945235e0f29e446eaa085b0caffebe8c6fa96b66eb6792cbb34a0d1b975928ea69b6a39c49fd964b1ae2002e247c96661f0647c4e60f72b2e9e0d927f994c7cc2c34d43a85474eff0055adcd308ffb855f8af13e6dd75be052dbc6a73ff905abcf1942865ce73abd37091606511e618bc39654d8a4a62005b2c6e230d52a16b07b18586580090b702b890d30574bd07d515a8e62cca71550bf0f58c3351f81dc2e5eac86185b7e82c92b6659f53c5961186c2383defe09e1a3d5588f5a78836559f7563e09f755907d02caab37e527a5d396ba665291741593052b9d7b14ce6fa14a6636d906a732ca59889ad4006d4e470e5a07b1cc7163816b86e0aecafd960e3f2d6631bada036a0d8f7f741cca042b6b507d0a85951a5ae0aabad2042064ff00844ec812540a4253e898fd143311c2048421310a45d021174a53942150beea728f36522e815484c4207740a774213c2066102c5ae814c842297741311742110094112820d7044208a8a288402210328a04501088402280ca60942281910804420601142e9820898209e9d37d47453639c7b344a001159d4725cc6b1b619cd1ddf65b1a1d278877f5b114d9e8d04a0d122375d7d0e97cbe941acfa958f62607e8b6587c065b8420d1c35269ef127f553471986e9dc76714cd365334a9bb7ab50401fe56dbabf22750e9ec10c235cfa7816e870e60fe2faaea9b56760558c79d88041b105347951d23021ee1aa22cb6980653c565953c910380ba6c7f48e0b18c7fdd9ff007773efa7764fb70a8c2f4be2b2fc154a5488ace3c34c4fd54a359d358571ab524e9a606e56167589c361b18f60f3df7016ce9e17a870acd14b297ba6d248ff002b1b11d259b638baa3b2e7f88e1cbda2ff0054c5738fcc694da938a5fe24d9814495b8c7f44e6f82c1bf195308d650a6d05c7c5693f495cee1ea31d5fc092ca84c00794c4653df571542abc5086531a9ee276e02d8744e45fc5334fbd625c69e130f2fa8e36101605763a952661848ab59d7077ec02ea71e4e4dd3187caf0f6c463cf9a37d03fc9fd95856cffe27c5e799cd2cb728a269e5f4cc1d223534724ff6592052ca30589a189acd7bde4b9b6d87f75b2e8fca2865593f88f68156a5dc7d171fd53990c466150b6349b056f693a73d8f67f31ee662c5c92006ad6905c7cf5dd3ea174180e9dc5e6ad2e156961e99ff00b958913ec05cad933a030db1cfb0e5ddcd3207ee98ae25f872248af3f255f83576d60aee2a7d9f5775a9e698478efaa154ff00b38ce5a09a4fc3551fe9abba838cf0eb0dc4a90ee5a174d5ba273fa1be01ef1dd8415adc465398610c57c256a7ff00930aa3581bdda4230382b25b4dc0c1690b7594e4947349a6f003a2ce060a239cf30daeada55a0c825ae0b679cf4f62f26ab2f639d48fc2f85a7aef6b581da7dd06d32dea07b31030b897120986be7f75d278ee009161bcaf3bc553735adaedbb5d705748ccc4633a22bc3c0c5619cd0f1a8ea7533c8feea62b60ecf29bea9a54355678edb12aea99767b98e05cd7e558a6c9b0f09c3f75c66535eb0aedad4cc398f067d97bc64bd4f97f50506b6956d38b63078945f63ea4770ae0f297744e79a89197624769004feaafa7d059fd423f90ca3dcd4a807ed2bd75e2ca8728384cbfece69321d9a62fc6ef4e88d20fccdd75985c2e1f0387661b09419428b3e16304059442473505652917565929f4082b20f64a45b70133c9e4c2acc13064a00f16bb95623824a723d12917dca04320c584774081dc94c601989466dc20c2c66069e329e97374b86cee42e6f1784ab84aba2a0b70782bae313725555f0f87c55334aab64707b20e3a129023659f8fcb5f827dceaa67670feeb04800c154296dae963d531081442c59088f5454840a814fee97e481794394e7b04a6db15403b204a63287c9008f9a08a16080188f55211b141004131b25dd02941314bca0d704421ec8a8a21141140c365100982021141108084c02559185c33f1357436c393d905402c8a784af57e0a2f3eb0b7b84c0d0c33406b65dcb8892b2c4f1b20d2d1c8b1553e32ca63d4cacea3d3b4441ad5dc7d1a216ce851a959e18ddcf754e639e64d94527d37547e23154cdd8d1e5081a865397512228079eef32b6348b6908a6c6b7d842e27a83ae7eff004e98c0e0598301b72d7925cb454faab30a63faaef938a60f56151dc2605c7772e47a5fac3f88e29982c5b417becd77afaaed3446dfa05020699b8255cc11c00940f424ab1a08282d6dbbfd1580fa4fbaadad24dc2b1a00de103027ff00856093c15583d958dd6761f341735aedec02bd97324ac700cf99cb26916888bfba0e7faf317e074f0a2d37ad5403ec1790e6142a331f97be8b65f51d3ef0e5e99f68f89ffa2c3dbe173bea7fd971d8fa2da742857d226934c1545f96d37677d566ae86b407486b7613c2dcd0a433ceb2a8e61d5470a452a71d85bfc9589d1cd6e072bc766cfde9d3739bea761fa95bae82a74e850762f1060bc97495074d9d3bee794bc3490037485e6ada4dc4632e244aec3ac337a756953c352e6e57379552f171c4b4481e8af837589c3be8611aca461cf168e4ad2e3eb54c2d4d0ca8e96da495d0576f8559b51a63c2697c716d97395cd3ab89d559ae7826e018506352cc731a8ed3403eabbf2b19a8fe8b6148f50e1d81efcbf12d69b825842e8f23a66865edfba3cd1d46e19fdfbadee0b1f53ef552855a85ce66c4ee55d1c461fa8b33a35031e2bd327f34c2eb322cc8e6ad751c506b9ed3c8dc24eadc2d3c4609b88021edb13175c4e0337c56518e6d5a6e2e00dda79083b3eaae9ac3d6c19c550a0c0f66fa5a0485c56535db9666b4fc568f0cb8491c2f59a151b9865aca821ccad4c3811ea1797e7f97fdd31d51844419083d231594e1b34cbcd0aec6bd8f6d9793f50f483b055ea536025a3631c2f45e84ce0e61949c2d574d6c2f96fcb78ff0b23a9b2f6d6a3e286c98829983c372ea1a6bd5cab143fa809a64f0eecb1704f7e5b98be8541e532d734fe20785d175365cfa6d6636888a940cc8ecb519e06e26861f34a42358f3c77e502d1a14a8d6a8da20b593201e15d86cc2b6579a51c661de595293c38108f8d4eb8a6f608f2341f70161630dca23e81a75598ac353c433e0acc0f1ec44aadce026cb49d03987f10e93a0c719a9852693bdb70b7ce6095158ce74fa2a8827baca7355662762831e0fa2042b9c1a024241e1054400ab27b05711f24840f74153bd82481dd5a5b6b0485a77888415104ee9220f2ad74036b8291c7e480699dc040b44ee5025c3688501b410812b52654a658f6ea69dc15cf66395bb0a4d4a7e6a47ead5d2f3e8839b4dc0870b1dc20e24b63e694b4f0b7599e51a09ad8604b372c1c7b2d4104775515152266134a10375429116940f08f087a59008e50289942100e10f746e02842053e8a59136408400ee81de11e10b6fca0107e6a2250d90298994094c820d58b223742e9945108a01440c1141108084c8221010b6b911fe7556cee015aa0b3b29a9e1660c9d9c210746046ffaab59b6c924175a4a604cdd06abaa31f8bc0e5ec38773981c61ce6ae05d5df52bb8177c4395ea75a8d0c5e1dd4312c1529b85da573b89e87c0d6aa1f87c556a5fe9700e09e0e28de96e4c1858ce3062ebbca3d014a4f898fa85a4cc35802dde5bd2594e5ef155b8615aa8b87d63aa0fa0d941cef41f4ce29f8d666d8b69a3469de935c20d43dfd97a402d1b9540902e42b1a44f2a2ae6bdbc34ab1a49d800aa6eff000ab5b1dc05516007f3129c35a2e45d2348f5f9260e1c340f7282c063609c1773b2ac3bd7e89c5f89f7416340ef2b2690004c2c56971b6cb2290e3fba0f3eebeaa2af50d2a332594da3da6ffdd6933da9e1e5e29c0f3d967f55d515bacab0e1ae6b7e816ab3423118fc361e356a7807ea83738c61cb7a1a8e18487e2aa35a7d40b9fd616cf230ec2e0dac75c80047658b9fb455cc327cb86cca66ab9bda4f3f45db61721c354c053d6df3b5bf10308382c7e30d5ccdcf6c02c3691b2d9641852d6f8a5b62569f3ac233078eaac654d6e2ee16c72dcd8e1d8d155be46b6200fd551b4c7b80c3e25e2f66b418f99fd969b0595e3331a8e7d0a44b69ddcf3e5637dc9b2b732ea6cb72fcbaa07d3fbcd7ab50bd9481b6c002e3c0f4e5718736c7e60f70ad887f864c8a4d30d1f241e814b3dcab018aa34b118c64d1a80bc5097831bdc590cd7acb28c3e20e272e6e22bd671b9780d6ff0095e781a03ee7f44f5a340807e69a3a9c5fda154c550761ea605a1aedc87995a7fe2983aee1a8be99f5121689eeba4d5077507b4f4066f4f13817607c66b9d48cb2fb82a9eb6c0175515da37175e3f4b1b88c1566d7c2d67d2a8d321cc7410bd03a6badff00e23a3fc27377018b8fe55588153d0faaa074963df95f51522e314ab1f09fec76fd57a8e3688af857b089b2f2acc3046854aa0487d33a9b1e8bd4b2cc48c7e5386c48ff00bb49ae3ef175479b67f866835693858da171381c155af431b97692ef04eb6802601fff00c17a3f56e18b31448301cb8bc9eb3f2deb3c33b510cae7c17b9a779dbf585073d802e65375274cb1da5578c3e78f55beeadc1d4c067f58169687dc2e6f18ff00334a23d23ecaf1c198ac5e05ceb55a61ed1ea3ff0095e88f89d895e37d035aab7aa70429024b9d0e8ed175ecd51beaa2a87833d952e005e55ee683c1255647a420a5de8252104ab9d375596f282a294fd139027794a404086e3e255c77bc2b4c4ecab337fec810b4700aadc0f60ac36dd2933b20ac824259810ac23d156e65e78403c40a483fee948214d904bcecb59996502a835b0f67f2deeb64e07ba8d7188b2a38d735c090e690458ca58e2174998e5adc5835190daa39efeeb9fad49d45fa2a34b484151b7090fb2b3d4a53bdca214c46e94edba7db7e52c45f65403642fbc227650810805d0d82245903e9ba00499f54202622d28140b13b2840944a080108708a04f1083560d949841108a60884110a028a0a4a060534dd20288281c14f4aa787558ffcae95502a13641d83355460737684e1a41bb962e595fc5c05322e4082b2e4da08f9040ed0d8e4956b48036baa5a08dc856b44ed27e4a0bd8eee5581cd3dcaa9adf41ee4ab5bb59df2082d64cfc27e6ae61b4ea1ec04ac76d8edf52ac6befbfd020c96faea3ee99a483bb4055364f7f9ab018e63d905a3d4a76911c15502df7563240da105ad93c2b1a0f7002ac49e558001ca0b5a19cb895914a276858cd227bacaa5b20f24cf2a07f56629e1d205677e8b1f0935fa8a83a3cad2971a4d4ea1c49de6a3cfeaafc8a93aae78ed23e10946df1159988eb5738d9946936988f60bb97f523703860d6e18c34720995c064ec18aeabc63dedf20aa5babb5d7a163e80c3e4ef7001d0d99ff0074f4692b758615e1e0e1280b1d5aa90583fc7b0b419531147074b5b5a5cd059236edb2d5e1f014716ec53ab4c36997087017e16ef1395e169658e741d25a41b471ea83caaad7a98ac454ad50cbea38b9c7dd64e09a26e9f1796d6cbea68ad49cd0f01f4e47c6d3b108e172faf5cf99c58d3c0402ad5a54aa799c07a0dd255c55373218daa7d7495b2a595b69bb4b5807aacbaf971142cdf741ca3eab893fcaa9ff00b557e309b92dff00c842ddd5cbea5c89b2c4a984a8376c8f55706baa3adfdd261ebd4c3e32957a4e22a53787023dd5f5b0b009682c3d86cb7dd05d2788ea0ce595eb5170c0e11c1f5aa11671170d1ea7f641d866f55cea8caa4439cd0483ea1767d155fc5e9da6c27fa2f7307b6e3f75c867ac2fc45571fcc56fbecfebcd0c561c9f84b5c07d42407ad281348548b05e5d9c8761f134314d9d4c7b5e0fb195ecdd4f43c4cbdce8980bc9339a5e2e16a1200d3bcd8a0ec3ac72419a6574731a5e671607cf7044af27c7d12d7b446c617b874c5519b742609c4ea2ca4693a7bb6cbccfa932d1471155c046833b20eefecdfa770782c829e6a07898cc4020bcfe01d82eadf241e173df67354d6e930c9314aa91f55d23a9f2a2d6391da554e078590e6f748e69ec88a0b4f75539841590e9122154e065052e6c6e52157184862364154151c3b94e424bc2052d077094b5310ee2c90c8408e6472908956bbd42ac8415b9a4faaacb410ad2dbee95cdf44157a14ae36de1339a794a6236941038016bac6c6e069e369f9800f1b3bb2bcfb28d96eeedd51cbe2b0d570d50d3a8d8ec782b1f4cb66df55d757c3d2c4d234ea36470790b9dc7e5f5706f13e6a67e178fee830402a1f54e45bd50d365508411c58f2a01defee9b8b25f9a084cf1012c1d8426881dd299f440082504dba13f540b652c5120f281bdbb2006e965310792847128ad4221008a80a28051019b594052a608084d7402210109494d164ae08377d3f5896ba9cc693216eb71795cbe4d5cd2c681301d65d3b9d205ede882d6911000b775635f1b389f658ad2e3c40573276d48321a4ced1eeac6be6d33eca96916b2b9a788850580f70ae687f1007b246c012ac6fb7d50381dcab5adb246b5d3d95cd6c0b940cc03b2b5a4f0831a089857b6990cd4e8637f33ac3ea81035cac0dbeeb13159ce5382638d5c753796fe1a7e63fa2d257fb41cb69388a385ad54773010c758ca6242cca6d25a604af3e7fda6d1a7f065ae3ff93d3e13ed5a90aa46232d778644791f70a2e397a83ff5aaee3f99dfbadb74335b5f3aad51e2cd302cb4efc561f1399d5ab862ff000de0901f6705bbfb3d03c7c6542d0224cfc8aa8cbe8aa42b66d8fab01c1d5dc47a5caedf3ba0d194540096c8e0c2e57ecea8b5ccad55a649a8752ec7a81a7f85bc7a27a3ce30388ab817d7735fa5ee000220ee42eaaa938ac0b9f55c5e48325c5712ca915bc33105ed07d6ebb9a4cd580888b27a35d9ee0a862b0b9752aa243280d07f2d968709812ea8e149be2697410375d4e6cdff00a005bb5168fd1722ec655c362ab52a3678a9aa4716545f568ba85587d3731c0ece109ab3bc4a2d0b699763f1b8aa8d18a79a808fc401b2ed32fca72fab846bdf83a2f27725810795be98276928372eab886134f0ef78fcc1a607cf65e839ee0e8611cdfbb61e953de74b0219d39b532ac310203a98b36c3641e7d5320c2b4838aab727fa74ae7e6785eadd3f87c2e1f20a3430745b4a8b5b66b7f73dcaf39c4d0d53a26785def493cbb226b09bb096941cce7d4b4d7aa3994fd0d8a14f3d761a23c5a2ebf72085979e526fde5f330e1d96a7a7ff00e57aa702e06ce7b993ee0a907a1e674457c1bd8790bc9f3dc0f86dab4c824c93b2f61a83553703d979c757614b2ad4737620aa07d9b66a5b906272f204d0c41201ece1fe42d67525276331388a4298d7a4c01dd62f415534f39c761e443e98741e483feeb779b5314f392fddaf605053d2f9a637a6f0470eda2caad79d4e04ec56daaf5de31bb65f467d495ab21a7fed8faaa2ad2b83a183dd45d5d9af5ee7387c3788ca58665ede495a1ffea967b4dc0bd98678ec69a7cfa99761035ad60bf017198ca2f61b8486bd0f03f6aeca8e0dc76581bddd45dfd8aea72bea5c9f3a01b85c535b54ff00daabe572f0ba24eb2b2e954733ccd2411b10ae26bdedcceeaa73402bcf7a6faeabe09ccc2664e35b0e600a86eea6bd09aea75e932ad2a81f4de3535c390810a05316c253bf2810c8e12936b04e4fa242ee364423813c2ac8b5d584936d4523a6502103d6523c38ab09317485d06f0115516dae6e12693b4c2b5c6fdd21b761f3408587743ca46ea13dcca5e6c150751095e1955a69d401cd3b828b803b94b302c1068f1f95d4c3cd4a77a47beed5afbc10575a1f20875fd22569f32caf4835f0a0c7e2a7c8f641a88ee54b1d9483b9e1070e5540b4db64093eea19448dafba053116308419dd1ed6ba86fbec805f629764c409426d640a4dfd10f64d13742fc130834e114a3d1328a2a28a2a22212cc70a4a0708ea49a94d482cd4ab7be10948f7868940f42b8a58aa6f247c50bb5a4e156987770bcc3158971acd22da4caf42ca31071181a6e06640d941b16c46cad69ed0a9874c9d958d206e82f60bab9804f75430de74ac863491ba82d638fb2b580f755b1a06f0af69e05d03b1a4c58fb9592ca60ddc4002e49360aba60dac24d9735d459d9aeea981c255fe532cf703f19ff083638eeafc2e16a9a197b1b5ea0b1aae1e507d072b8fceb34c763f123ef38ba95070d2600f92d7d2ada71439bec9f33151f519520fc828ada52a1af2f2496cc6dcad0d7696b9de8babc9280c460e0f65abcc72fd355e1a3e8120e7ea0b8518dbc195b1fb992d0482a7dd801669445397b1df792403018495d9f400ff00d2f1efff004bccff00fcae6706d346ab8996b5cd20c2eb3a4c368f4fe6228dcb69d4bb8f3a522b69f66f4453c0b835d2264fa1ecbabea3697655500b185cdfd9f3452caa9cb813dc3a41ff0075d1751541fc2ea418b6eac4af2d148d3c530183fcc04f7dd77741d182de2cb86737fe6184c978789379dd75e6b78783bee0774f557665e776008bff002c2e1f1f4dcccceb3a2c489f75db9778d472f7cc82c5cd66b868c6e2844ec42a8bf27aa3c4a601e57a4659ff0044df75e6794b743d9eebd2b2924e05b3dd20c2cfe9cb5a7bad5e2c6bca28017d034edd96f3396eaa23d168dcd272ea8d13e4a861069711866c02267b42e8fa46061710cbdaa9fd82d33dae7b209d85c2de74c0d2cc4fabc7ec1418b9db478a7bae6b0d34b38c254fc9886feeba6ce8815895cd54f2e269bb68a8d3faa13ebd3cfc25713d5d4b553740e2576df87e4b91ea82d2c2224a51c174a3a8617ab5871550b29d4a4f986edcff0065b9c6e7d966739afdcb0787acd7b05aa39c3cc01edc2e62a92ccef0e490d92401e905559363865fd5c6abda1e4b0b4026d28aef1b85d2d12d295d859746827b2739dc0fe93655433e70da933e61646bb3bc296d1692dd33dc2e3b30a4d2e8f295bceb0ce6b6218c6d9a00d9a21712ec4b9efbbdc0faab0582800f7101482d109e9d401b7bcf28901db5d699287597a07d9a6755315431195d67ea1486ba73c0e42f3faadd34c9f45d2fd97d0ab533cad59b3a1948871e2ea558f522d5594e67bca420204e12bbd139b6c9093ca0adc2f291c4fd13b8f002adc09b8440249f60a971831fbab0870e556f1004c2aa57191bfd1546fc2b6401004a0486dbf6415c48949a7e6472ad311304aadd31ec8166d07ba3a87aa6d3e8210902c5027989b58261208281f44a0dfd5061e6195b71335f0ad8abf8a98d9decb44e6b9860d88dc2eb1ae20d82c5c7e5acc6835190cc40e7877ba0e6a09b808411e8ada94aa52796bc16bc6e08486c24eea84db64a49edfa273b7aa507570881683fb200094501eb7ba80f3b840dcc8d94824d8594892a8d204c951951450254252caa24a21c94951034dd1406ea4a00e74058988a874eeb21e6cb0aba2302adc92bb5e91c4f8997861376d9715516fba4713a316fa476378952ac778d8224156340ec55549f6043615cc0e3bb905ec902c215cd222ee54b5b656b348bc282e63870d9f7590c7386c216335f04442b43e4444a0b7175dd87cb715886901cca4e227baf3ecbc9ac1c4ddc66e57a054a7f7ac157c35878d4cb44f7e171794e0dd42ad4a55c697b5c410a0c3a146851c5454f33a56fb32c2537601af68111365a6c7e06a8cc436935c49bfb05d155639b94b758bc44153d52f4be10bd8ed4ed14fbad6f50e3d986acea74d9aae6eadc375060f2dc3c562e73b60d60dd69732c453cc6b8a841635c6c25585609cc6a9101a02add8bae4d8841d42935ef13f0faa0dab499048d23b8446560a9e331b58530ed23f13bb05d874800ee9dcc5aef30d1505c7a15cbe0b33007814d834d4b17345d751d1c6723c78807cb52ddec9e8d8745e29b47286358002c1040d96ef3bc70ab943c7242e73a530c71192914496de0059b8ec1e3a9e5e5b558e8037995615cfd1a5af0cfaba8ea0e076dee395d2bef870d3b96ad460288fb8e224dd8d26256e8546bda0b44f9505b84f3e5f83247c123f55abcf585b99550046a64ad9604b9d97c7e5a87f754751b037194ea446aa7bfc820d4e5e482c937057a2e46f2fc15fbaf3ac102e23485e81d3ce3f752d3c42a33331607e15d2408eeb9d6b454c2e2e9d3782410eb15d462298a941ed22410b8ec561df836629d4dd01e06fbcca5143dafa4c8708feeba0e9d669a15cf777f60b5949a2be08789e6056e324696606a102da8a83539d3da2a9930b9b790eac22e4387eeb6f9d55d58870307dd6b68b1afad4c8dcb9a207ba13ebd2c7f4c4f65c6f533c07699bfecbb33f0fc9701d5750b7104704a51c2660c70ce70ce3c396bc33ffb9a889dceeb639843f31c234013e25dc8e1b045dd5b846f86e7c93e568b941766f9d52cb6299f3d676cd9dbdd73f8ecfab3f4ff00cc16776b4c2d46778aab5b34c417c8778ae90776df6582d1adc24a42b7b57336576301717106e4a435b0cf7542e8dbcb215d9474e6659c31cfcbf0552bb69fc65a365b11f679d498836cb8b67f33805362e56a4358290777ec8b5a5b0f699695d061fecbfa98c077834db370ea92ba4ca7ecc0610eacc319e283bd3a6207d55e46387c365b8acd9e286128b9f51dd8587baf53e9ae9fa3d3d96368321d59f7ab53b9ecb6781cab099661fc1c2506d21c902e7dcabcb605ca22b300ef29241561b243bd82052129011333ba57113ec82b742aef1b2b4cf025290ee42042d277290b04582b44037286a8d906396927684a5937255d5092a920f3c204207d12b8dac9cb60a11037545667694a072ad0c054730fc905645bd5298171756e81b9434fa7d1414ea26d289063d5316106f64408545389c0d3cc6986b869acdb35ff00d8ae6b1387ab85ae68d6616bda6082baf692362b4bd4b5cbb3014c81e4a6dbf3741a5ee2247aa06769b226d78fa2137265540246d1750e9d808f52880781281d8ec50291c28008dafeea123b5bd39509ec0a0d1a29422a2a20a13c20a88540a282c80847d9047888ba0aaa0589587a2cc7ac6aa37446baa8bac8c9ab9c3e6949c0c49855550a9638d3acd78dc194a3d568d469a61c79594c337016ab29ac2b60a991c85b7a621a2e165568253364ee4c241039956d32d0369f741653016435a77854b5d1e8ac6bbd505ec90412ef9055d7cae8e3710daf66551b9e1dee9d87d15ad2756c82fa792d1349d54341715e7bd5f9f3839f80c23f4d3a44b6a3c6ee3d87a2f426b9fb031f35afc4f4e6518e9189c15376adc811fb20f1dc4e666ad26b29b76fc4506d4af5581cfa863b4af553d01d3a4db0af03b079859387e84e9f6003ee6e3eef2a76bd3c76a8703326feab19d88aac101c48ec57bdd0e89e9c754876594dc3d495e33d5180a381cf31587c3374d26d42183b049be8bfa2ea3715d434305536c4cb05f67458af40e89a6fa7471f45e24b5ce6c7d42e0becf7054f13d6383a95ed430eef16a13b5b61f55e97d3aea5ff00126694e97f49d55c580762a7abe2742b83706fa5166bcaeb71d8715300f03b2e43a36198fc7508d3a2bb8476baef9f45b530b1dc2d466b82c0fc18ba2e6482c7016f456e05daf00c736ee0d012d4aaec0e6758690d1aa36ff2b5d4332fba318437569905bc6e83a3c9683aa61710c6b093ae764fd4194e2f1384a35695173bc36f9801b05abcbba8f12dae46a0d6be2001002eef015c62704d7933a85d079b615ae65403b15dbf4f3bc8413b8d96af3bc8a9e19efc4e16c099737fc2d6657d4985c057fe7789e530604a0f42746932b9fcc69e1ab527d134def79208bd82c4afd7b816da950ab547c82d756ebb749fbbe5b4c1eef7129ab8db3a91a184f84526345c95a23d4188a2e752a158f85a89016bf1d9de679b3a2b38e81ff6d821a86172bc6d68228380e75084466bb11f7fae3c470248e16561f022963b0cd009d555b17daeb1e8e0bee754bb11519ab60c619256550c4966674710f638318e04eaec948eeaa1d34c9f45e7fd494df5f106fe5e2575957346e21ba688df65abc665a2ad2352a8bee83cf2a6181ccf0c223ce2eb281385ea3c36258f2c2c9f30e164d6a2c7e7b4748b53927e8b0f140d6c4bcb5a4c5ac838eeb2ca8d0ce2ae36838d4a18876b2eece3bcad150a2e2e5e8189c1d7a949d4dd48bd87d168713d1d5abb8ba839d4ff00d2ed9077bf6498bf0bef381244d41a85fb2f457982bc7fa1b0d8bc873dc378a3ca7c8e3c5d7b0540372a45aac948e1ec989f4486fbaa8a9db192ab747656bacaa75c184151fd921325587d556e0250219848409055a63648e40a4c25327950931fe52cfa8f9201001ba0e8e143ba04cd8aa0182154e11b09561306004ae93e814151123cca691d936900a801133641008d92bbe88970005d0d2e7921a093e882b502cca596626a0d4f6e86f77184950e578204e2313e23c7e0a774d91718ba1efb35b27d95a3035f497546786c1cbacb0aaf53bf0ef3f72a2da4d8b17092569f1b9c6331ae26bd77b81e09b7d14da37588c760f087faa2ab81d9ab9ec7e31d8fc6d4c44005c6c3d02c573c999ba1e961eaac4037bfd50b4083f44fe51737f9a5904c7f6d96900c81f0feaa7b5d33a60f3ec944c4cfba01b58211ea5358891bfaa05a4f36841a10a7ba088450514521044399478421011644208840af58b542cb70dd51507a5911aeac162bd66d61bac47841daf495735b0419aa4b6cba960d20775c17476274629f44f370bbca7244ecb2ab4024dcabdb655300e55cd200416341e4abd8db0b2a5a55cc3ea82f681cab1a63654b4fbab584ec105adbab5a3baa66395631df3282f6ab584aa44ab58832e81874caf0dea6c1e2b179f55751602c739c5ce3c5d7b8b0814de7b3495cb6519261f1188ab5315a1b7905e7ba8af3cc0e02be06916d16b9baaee7c7c4ba7e8bacea79eff3643aa36c0aed1d80c970f4fcacf19c3686c80b9dcc18cc36694b1f87611a2c581b164e866e50d661bac330c39dcbf51b77b85df5368f080e0af32fe2f876753b71c0796a5201ce9d885d450eb2c23d9f1698b41560ab3ae99c662f1c6be19ad2d3bf9a172f9874d667857bcd7a4c6826443c1dd76b4baa70f55ed8a82f68eeaecc852cdf04ea6e6911f0b8588288e0b0597627c56fc20ede672f43c843e960053ace692dfca579fe35b5300f3aeb17b586c62eb6394755e1b0ad2dc4553047e5941dae634e8d6a2439e0022e572188e98c0fde0b9956abc1b9b0175756eb5cacd852ad57dc4058afeb5c34ff002f08e80792a6aada7d3f85691145ee8de5cb2a9e4f4db6a784a63ddb2b5bff001cd60269e06991ddc55553ae73478229d2a34bd9b3fba0deb729ae040968dbcad015ff00c29cd6cd6a81a3bbdf0b8dafd499d5717c63da3b32dfb2d7b9f8dc53fcd52ad53ea49431db57c4e4b97cbab632954a83f0d2f315a1c4668730c5430787441f2b7fcad5d2cb31551f0da4f279b2e8326e94c6d73adfa58d1b92506f32603409bad8662f6d3c29277859180ca29e09806b2f2b133ba4031a44800dd547359664989c6d7af8a0cd21fe564f6e4adbd2e97a94d81ad6b00e67957e4b52315136221744920e71bd3b518d3a9ec0de442c6ad97e5985617e27174d8d6ee4aeadc25a42e23ac70a5b40bc0241994ab1c8627311fc4aa56c216bf0f4ea9d1527e20bd4f0b8866332fa1886190f602bc01b8b7d17d5a126ce2bd7fecfb3318fe9b6d17197d031f253e51d038247355ce6c6c156e5514b801caac99160ad7fa2a8ea8414b8fc9525d7bab9c2f72ab312811c4f012999f74e6556e927d9029689b94a409b26226e94d90084bca24a00ea30d04fb2010625239d7592dc33e355570a6deee2b1311986558437ac6b3fb314d305a1ce30d6924f65974f2daee1aaa014dbdde6169aaf54d503461683288fcc4495adc466d8ac503f78c43de3b1364dab8e9ab55ca30266be27c67fe4a775835faa4b1a5981c2b290e1eeb95cdbaa8d43482949a8e26f64c359b8acd71589335f12f7fa4d9613ab170803e68060dca1b5a530d54e0e71b940536ccbaead210891730aa2a7c48810832e600464de369840c12091756007481799f44a609904a87b9f2a3e802a805ae8d4494082d745895241f5f45234cc5fe68a58316b05082079be52891feab221b68dd11cea643853845453d54536400a8a5d4e50111ca3374011ba9bc9404edeea87890af3b2a9fb47288c1ac2561d40b3eb6fb2c2aa2e832722c47ddf35a4e9804c2f4ca55038037baf2563cd3acd78fc2415e9d95566d6c152a8396a9eaf8da35d656b5c39bac7612615ec6c9b9417078d95cda96b05400ded757b240116505cc738da15827972a5a76bab5aef44173001c4abd84c2c663cecaf6133ba0bb55d5ac2a96eead6a0c9d40612b93c532571584754c4e7541951ee2c0674cd97638925b95e25db79085ca649469bf3da6f75cb5ab3563d1f0c1830fe56b5a3d02e47aadda448dd75b408fbb9b2e3fac1d1461a01bad239076146208d2fd2e1c80a9a986c4e1078ba81672164530fdeed594d6b5d462a7c3179418f96d671a94c869df75e9d968654c353b5c85e7d84c8f3560a2fa7870f6556ea600e5d5e071d8acaf0acfbf612b30b46ed00cfcd4d5c57d4591bf14e8a34c41f897374fa5c36b0655ae1a1c6045c92bac7f5ae50fa4e643f511171cad7e206ac4611e0479da7f54b7a31823a1718c05ce2d8f74d43a2df58171acd6c6ebd02ade911dc2d1d1aaea74eab262e5547198cc9e860b1470ceaa5ee026405b4e9fe9cc1e63a9f58bc3586c2775899c123340e22c5bf55b8e8f6d6ad5eab9e62908d2115bda1d35945102308d7c72e32971b8466129ce0e853a7ecc0b6f10b0b330ef025bba590d728caef18e73710cd25cef886cba9cac69a6470b91ab8970c77fcc000130babca9c0b08064458a2364b5f9b52f12815b0546299ae891e8ad1cd65d57c1c735a7e1d565d58d9724299663e79dc2eb299d54da7b852065a2ea4c2f8f82a81a24e95bd58b8fa5e2d070e615a3e75ce681c366ae06d2bb5fb2fccbc0ccaae0dceb5516f75a5ebcc01c3661e201626560f4d638e5f9ce1b100c00e13eca5f87af797832aa705731df78a0caccf85cd052381ec831dca979957bda4f04aa9d4aa70c3f4418ef8ecab77a2c8751adbf867e8aaad42ab19a9ed803ba0a4fa9559701c2c5af99e1e903355b03d56b6bf5260a81105d55dc81b25a371e26ab0049f445d45fa35d47b69b7bb8ae5713d59887b74e1e93688efb95abaf98e23137ad5deff00736536ae3b4c46699460c79f106bbc7e1a6b5588eaca8469c2506d21c38dcae67c4ec88739d1d930d67e2331c562dc5d5f10e7fa12a8f1806d84aa5b00dee9da0937d931356073dfb9809d80033ba5046c89246d65439fa21aacab2f1c9503e6c07cca0b4fa25968b949aa772a5cdc59042f826c2fdd56e3692ebf608bda09924909469d4384038efee8980ce20f74ce30241ba11dfe565a090605f54f6080047298902c247c92f775c20132e9e7bec8090640013132d9fec96491131ee826ff000f3c29e669d91d40886b47add412440dbb94473811e1008a2a7082889402f2a4dd4f5953dd041730880945ca61c9406d0ab75d3a0ef641895458ac1aa2e56c2a09958559b088c472eeba5319e265cd61325b65c33c2dff0049628d3c43e913bdc29563bea64cc930b25a470560527137592da8481364192091cc2b43c5af2b0fc400d8cfaab03cca0cc6bed09c389b2c66381832ad151a39506534fcd64b36dd6132ab78bac96541025c020cb68e55cc58adad4c097541f54edc661fff00dadfaa0bf32768c8f1041dc00b9ce9c68a99c91f95a085bece2ab0f4e3dd4dc0ea78162b53d28c0eccea1d1c7c4b2d3bba4230eb8beaba818e920100ec795db068141705d5da5efd37df85a65cfbea34ba582026a955c708e6f61c2c59d4f3136e15e0451749e364577995b83f2dc237543d9872ef6bacbce06acbe86ad8b0ccfb2c4ca69b5b87a07f13a847b095b0ce0d2197533501700db00b3fc95e5b8ec3b3094d80826b3dfa85f66f0bb6734bf0f8576c7ca7f65c3664f73b1b51ee92679e177f860c765b877b88f81a55a3ac02583d973f59ed657a8d0395d053bd369ee02e671c7c3c655681725547399e5f1d4c824d96e7a4ab547e24d26b618d1730b439aea15d85ce983b2dff004b6274625b41ad80eb933ca55762a8c609a055e92a3755323d16aa385cc747de8788069eeba4c90696800cb48b15a9cdf0ec150ea03759f93cd06b1a0f94ec3b2c8e812bc6a6909945a1ce631a598836e56eb00ff1306c3330216bf31a63c73eab27297ff2df4ff29589f55b04b504b084c81d96d1e61f68f969a985355adf8795e698779616bc6ed2bdcfaaf04dc56575d9127492bc35cc34ab54a647c256615e8f937da357c165b4f0f5b09e296086ba7857d4fb4fc48274e06983ea579dd3a953437d028e73e654e2baeedff697983aedc351685454fb49cd9e0868a4cf66ae2753936a727186ba9add7b9dd411f780d1e8d5875faab37c6ff2ab62dc5a6c40b2d14926eada225e22d1ca7186d673ebb9e7cce25217c9b2488e51d50aa2c1277b26f28e6555aaf7ba60676416482987725545dea98389d820b9aeedfaa7d623e295480793f44c089b04170a8e3f08524fe23f209012a1306e81ed301a8de24955f891f089461cf373082cd6d68ba5350980d1f34ba40b72aaa989a5484bdd1d87282d824dca949ed0e734891eeb06a63defb51644fe277f856e11ee8973bcddfbab0679b082400523e66fc765096ba098008b7aa0445ad6b8128148711bc8f4400749107e413982e0080d91b8ba5f30372e8550ba80883ba96379d94321d6280d773369e50111e84fba911311f2285c49237ec8c5a488bc4841cd4a28220a28a1ba912a717413e4a1414e101981b280db64118281b941e0415143f5b20c7a82c442c3acddd67be23f6587587a22301eb2b26c50c2660c7b8c34882b1de2ea9261d283b66f535265a513d574c6c4fd17253201409515d59ead68db51f925775793b31cb965250751ff0018d40d814cfd5547abb17f85b1f35ce4a604260df9eadcc0880404a7aab3322d56168e4236530d6dddd4999bf7c4155ff1dcc4d8e25cb5b37535261ae9725cef1cfc4b30d5310f75279bb49b4af4ee8ca65d8ac43f513c446cbc6b2babe1e3e8bbb382f70e8aa7ff002d52a16c07199eeb3f2b5bd3ac7da8c7a2e03a99c45571695dee24e9a27d979df523f557d3162775a65a032092089f45637f98d6b77f65517b44da64588468e229611a6b62245260f31ec8af41cbdf47014186bd40d068882e3b2198e6181c4e0c06e36900d064eb165e47d47d755736c43f0984716619a603b62405a17d7a85a01aae23dd664a74f40c761b0cff0012ad2c4b5e5d263d174d81a86a64f8574cf902f15fe2989c310d6bc9676257aff4ce368e2ba770ee6992d6c11d8a7a3d12819a14cffa42e77366e9c6927e4ba0c21d583a47fd0169f32a6d7e3082256bc88e433561d61fc02b6bd3b5a861f1ec739b2f7d87a2ab38c380cec0159792b3094aa371159e006444f752ac764a1b855d3ad4ea8963c109c90049202d6c468b37a34b43a772b172f63e840d45cc26d3c2dbe60cc254a4e352b53698e5c173d4b35c160ad531b44d33feb1658d9fab95d8533aa9b4fa265a5a3d5391b6802fccf0ed8eef092a75a74ed3df34a27ff192af3fe7f578dfc666654fccc777b25cbc68afff00905a1ccfaf7207d1d34b12eaae067cac2b5f4fed0b2ba755af6d1aeed3d829ca1c6bd0545c3bbed4b2c11a705883df60b1aafdaad2ff00b596be3bbea0579c38d75b9a530ea6f69e415e0f9f50187ce2b06ec5c6176b987da563b132296129531ea495c866188766389fbc55d21e6e74849f52c61b1c5a00ec1473e4a72c13f1a470683f12d2049446dca02a86f6286b08180712afc38702563ebdbb2c9a4e029d820b76e54240dd57a8a80dd4160715609ef1eca904ca706e82c100593b6553a80d946b8fb20be63747c4f9fa2aad172897b582490077282ed4f70fca8b5a373bfaac3763e9b4c31aea87d36553f1788a966914c7a6e8364fad4e98f3b80f9ac6ab98b45a934bff0040b0348264c93dc94e24b903bf155eb589d03b37fca565304cf28c109c5c08175429da164d03b5acb1c0923bcac9a22009bfcd1198d8378b1f547cb2e37206c506411ebdd3167e5736e2e15084b67b19409324c881e89a63d8fa25f318e1a360514c25d0edcf65226dc7210d7e63f8645e14b083f10f7444916100c20044c991b5d47384c083ec8112605f932839b08a00a28a2829750a09cedba84293b4a9ca005106e85e76447b206b03ba1040214537f6415bc4058b585a02cb78faac7a8226d288d7551758ee0565d60b15c82da4e9a7ec89dd5544c121584a8a3ca884a928180442594420608c84a8ca0644250507bc5312506451a9a1ed70e0af73e82cd70dfc1a98a959a1c47c2485f3d9c7383bcad10aea39b6218603dcd1e8e2166cbf62cbfafa7b1f9de5b4a83b5e3a80817f385e739ee7582aaf2d662a99132482bcc598b7566fc6e3f34daa7949be973c76b4f36c1cf86310d008dd6afa83316d7c1bf0f43e11bbbf32e7daef302b3aab75d13ea154732cade154d5127b2b1f98d67ecd002b7c166b30d9f752ad1006caa318e2defb3802ba1c93a871d9716f8354e8362d3b2e6ded82b3f063f96d2a58baf57c37dade3e860e9d1fe1f45ce63635971bfc96a31bf6899ce2eb9aad34a94f0d6ae43558252eb6eb3c235c9bec475766d88bd5c4dbb42d5e23abb1ad960c43dc3decb02b02f6402a8a595baae9749d2e31216b233ada33adb366d9b8caed1e8f2b21bd519862c69a998620fa1a85730fa0ea755cd3f84f2afc3b1c5f236eeb3c3f9fc5e57f5d03f1759e7cd5ea3bddc4aaf5cf32a80eb04755d6a490dac86d48e13b6a3b80b18156349eeaa321ae7f64439d06e154d13ca781dd01d4e83e70a6a3b6b484042ddd058483bb8a1e426ee293cb33fdd4f29e0202433833f3484b7b23200e126a13ba03bfe14c01ecab3500fc487880f2505c4cc5c7d16436d4c08bac36bc93016593007b281e481ba1a87cd2174883744584c8082c05c076f74faa4dcac576229b4c17ea3d85d2f8f51ff0374fa9419ba80172ab7e2a936c0eb7766ac3d0e71f3bcbbd0a70034584420b4e26abc4340a63ea5269d441792e3dc9539b266dceca88076288dcf74cc6c84eda449b8b205024276d33d95ada56bfc95ada66105229d84853440592d65ee11f0a6f16418de112419fd55f4dba0c3afea98d200f9addae9c346c45e2d0aa2d6830483622e22ea0023ce0770ef446348ff511f4f64751a7699f9280110db5c8371095846a8060944cddc0c1f40a011c5cec150ae0640dcf36403881617fd9318350f1e84a624e900027fb2291d2f8f2c1f451a340f2d8f28cc796373f352cd6891706de888e5c228044228853f750022ea4a007846c87eca7088337d94bf7505918ba0836ba3170a1d8224f3e88aadc2deea8aa04903eab24fc32a9a80c08e511afacd588f0b3ab3637588f0828074b8157154b8427065a108645282a02a29a5194928ca079f54655728ca0706133e99aa20093c0554a7654d313c20b69e56d73753bf21711b42d77850ee16fa9e3683d8e6d47980c86d96ba1a1f20844261d8e6904acad4aa351a06e021e2b07e31f5455e0ada346aa0df65a46d7a60fc616c28660c78a7469cb9db13d90252c03df5498b4ac8af95b9d4c696c775d365b96b4619951ec82e369e56557c1d2731c009831ee83cdb17807d1324595982fe94762baacdb2da0f63bc2b8e171b559530f50e9910511b2d505095af38dab1f0094a719883b01f4456c810441599863485364bc03aa49e5683ef1893ffc29e2628fe2288d86270ed7621e5a4104d93d36b69ded2b5918a77e277d50f02bbb771faa0dbf8ad1b91f547ef14c6ef6fd569feeb50eee47ee6e3f8906d86368b4dea37ea9d998512748a8092b4c704eee8d3c3ba9566b882403741d1b4b884f0e586dc653005cfd137df19c35c7e4a2b2083b4a171caa3ef53714de7e4a78ee23fa2e545a5a6548557895899148fcca21f5f8a6d1ee5059a26521a4a4e248886040b6b9dea347c904d1e89a128a7541feafd020ea4f77c555c82da63cc15953134986356a3d82c3f06777b88f757369b5bb040c71151ff03348ee50d0e799a8f2476e13817447210465300c010ac0073641a27d158299224a0011d32018b8dd5cda25d015c2845b92831d94c956b6972b2594002ae6d1046c7e8831594bb056b688e3e8564b68c1836f41ca7f088e3ca393c20a1b44fe5b7a2b051204b8447037593e116f94880448d3b144375340d4411f88a0c7f0a40004faf650b21d04803bf6590ea5a4d8cda4d943a5875b41b19008dd052d600e8700411ca614b4bcdc11120f0533831daa0fb03c25a8dd3e5d24db79840a67486481e8e441f21048dad6462480e168b3a2e020e0f6882038761ca21480e007e20a35e1b13b0ec543a43a41f48ec95da8f005feaa824b40f35ef32520b5e2471751df14703e89b792e33c59016ea708223d6548007978f54034e9d77df84da987e26fb141ca0441406f28a29bdd09537b943640677eca208a03c2222c80fd11009f440d022029b29c23a6d248440e0c0b954bc5a15f60d1c42adc3d1060d661b8586f1056caab45fd16154689418af6c855b7b7659469aacd221d2048e5056a27d27807e88786f3f84a8a552a873288a804826138a4f8f87f55635ae348d370113288c1fbc3cecd53c6ac761fa2cbf0c0e11d1e810616aae7ff008462b9e4acdd2886a0c1f0ab9e4a230f54ee4fd56769ba21a8304611e7729c60cf2566e847459063370a072b3b2ea6198aa70d9baac316cf2cc3135c3a2e3941dc605ae761e1e44fb5e13be9d3d2e7002674c9ee9708194e986913e517f55639cd0d3239912a2b4b98521e61aa036e0fa2e43134da6a3a472bb4c70610e925d3161cae4abb7f9ce81175460784d1f8429e18ecb28d343c34462e8f44437d1647868683d9053a51d0af6d23d958da04bb64189e1a229cacd1409300261867191174183e12b695205c245b9597f76740b47656370a4798a0a8536fe50983446caffbb3bb14df74748b6fc22b1c3611595f747ef081c3387117e50631daca08569a241559610500911c20611d33f25341ec8165437d93e83b7288a64ca0a484ed692255828926375753a16820a0a5b4c9dd5aca24c59643288dc37e6b21b4205ac7b422315940ed1757b285f61e8b2d9400b39ae078215eca2dd304c1e246e8311b408b96caba9d071fc23e5bacd6d02d804367eaac187709786c11b803708315b4436df10e090ad6d31a60881cf75922979492dd4382138a4e9203e205afc22b15b4d9cb8fac0dfd51f0c125a5f11e8b2b469635c61c058c8d907b0b479a1d04811d905229101c410e68136e42580086912088374e5e4335365b060a20b80e0030488fd420a41f2821da1ede0dc1081692e258035a4dc4c84e1a09707800033205d57229cb8588b4cd88542388d4e68f2909746af89f703beeac73dad6820890949d378699ba214cea83b458f7404e996994cd21edb4444cfaa520b08b0693c92817517dcc6a1695356902f6e63845cee4c094a082036354a00473a8691cf7445c831faa625ad920cf70507025c00b08dd047b8bc4098da512d6fe598f54a492401c22da90f80041457283d3646d2925308080cd94b72a6ea70889ca9bdc2836f6527b045308301105091c08b2837f4405bd8a6dee940b7b261264f088260d86dc20ef8811d94026ea381311dae831de2d006eb12a8bd9673c6e562540379418e02600017439525002a4de1440a032a023ea822012a0100952136924a9a4a05850056692784eca77d9055a49e13b693bb2caa54278596cc2980621060370ee11647c032b6830de59f54e708044f276841aca787b8b7c96eb2cc316b9adbcbb708330675ed07b765b6c050d05ce6c0d3ca0d9d08a6e0d9261bf55080e6b2e4171b93c055d3d31a8b8f96c3d655ae25f5031a769323b28ad7e25ba83c365ce980573b89c19359d02175d529803cad81c05835b00038b40d4f9e3854734dc19711364df717177c365d137010497322d6840609d56fa2001f444680608499111b2232f24fafb2e9065ad9b3755a0944657a5ad7171f35a072839d660039c1b1169956d2c0cec09004ae95b976af2b980408d95872e6d3a37686c8b46e507343010f0238b956b703e596b5ce27731b2e9e8e58d633590d0d1c9e495737020bceb117dc7641ccb32d0f124c01dd38c086010c16ee1748dc052706c3679f5569c28f292dd44045732cc039c0b9cd03bcf09999797381d31f97d9746ec1b6a930d36edb27a583696b479411b92834072bd350320c9bc8d9255cb1ad7692093eaba76e129999f682a8ad86a73e59b6c8392af82635a65a5a56bebe14b1d25b62bafaf8763ceda8917f75acc4e0dbb117e012834230c627fb2230c09dc7cd6dc61834483abd0f74aec235c24fc5da36446afeeae1f864266e149e0adb0c2f908dcfa26183758b6f3cf641ac183fc5202be9e1416d84771cad8b309f11301db1055a30c1c643401d9060d3c2b5a262fcb615edc3b43b50932b634b0e0b75b7cd1c3770ad1870e074b0820cc6c8ac16506c0220b48edb2b1b4835e25b3369e0aca6d3d0dd80bedc14fe10b3401ec8286d30d01ae6e9e240440731ad890409040dfe4af259e0b816496ba2fb84092d681bb7d3fb1414f95b51a49f8af22c802d6543aa419b1ee13bdd0da6e9901c41042ad80b810d719fc2d2821734b0107508e4f1d8aa4170d3065b1b11365735be5d2435c41f985435ad75383e40490278402b4b7544e8772a0686c31cedb6f508969d1a64796e44eeab7bf4b0c3496831078f644003c400cc3c7c3c4848f717032dbb4ee3b2720546989d6c1a81ec908fe66a6ba355e15153fe1680dbb778e533768034822c0a67d30d697b60906e1298046a6da2400a046f66edd92b74be4b8ec260a79d20116773294b009b798faaa15ed6dc8227f74c44f9600d3c8284b09d20d8f7e112c059e6bbbd0ee810c3a49b280117981ba6a8038074c46f0835c748d2f1f3411c74d89bfb243b4f3160394ce0d06f32512d220447aca0e487aa6d8a40981b228f28fec823624a004dd1b00102143630101174d6d87c90063d4a8de5030261102c08dc980128d93419907e6808dbd0a2751044d8c22d00981faa912e266c0a22978311eab1eb32c08596ebea1eaaa7b4141825974345d651a688a5276418be1fa22294acb14ac6ca78578418be126149650a564e295b6418a296c611f0a7859629dafb045b4fcbe8831451f456b28f9a164b691236faab194bca5c2dc0450a14439c06fdcad852a063c5d3336f65550a6641022365b1a2c269d43b860b1e254457430b3a8bac2d12ac1860ea9ab8067dd58498a2d65c8827b4ab9df1b982e6608ee5455430ec6b8bf54b5d2012ada34ff0093a03a093248ec9afae9ba039ad324764ecf80b5a3e2249f40a8b9949ac7375798bb66ff0075687b5af2f0db37ca40e5525daff0c968f2ab1a4973811b00e202030d6b0824b9fbdf64cda5e1b7593e677c28301a8d2f744b8800abab96eb8065d200ec1023594cb358693a07cc9568a2cf0da48306f0392ac30c68a6d3248bc0d90a6e0581bf89a0ee50352a4c789d1bba037941ad60aae9d9b60023aaa4b9b48c4fe2ec8d360000682491249505818ed2d240d33e68e4a6148821e694126c094dae982d2d97b5bc772ad6c07873aef266c36415ba906eee1683a470a560f7bc0fc36713b1566a71ae6d726e95ef6973b512fede880b6b3243698822d204a5687878738585fdd5b4a9329886bc693733b94455617b881ae369e1028635b4c96fc4ee0a70d63591e1c16eceec817b9c64b45ae99c496699971dc4f081031d541734025aef8bba57493a4d3d25c775796430830356f1ba475073bcad24e91728302b50d0c90d07bc6eb1df82151b3e5718bceeb720453d2d6ea7762a9f0cb4686b0126f3c8f441a63836bc86f86750b8213330af0f03ca276244ada9a6da6412e31cb63651d49ae6b8b9b126c551a8385f0ddf3b885737081ec2349f482b61e0b1a431c35023709053347ccc3a9bc83d90608c207b62a8b8b7a8569c268235813687707dd66b4b225ecf30da3909006d37b8104d3771d90502968707161d33048e133da58e0f692ed3c1ecae2d05bfcb7795db85516e90e0e6970168fee10287788d2c8103f0955882d6906490784e7e196136dbb848e25d5a58e90412047281031d261d3a8037dec90f91e6045f7e0ab4cb22a30883f84f092ab69d4074921c0c46c82a2000e6ba46a75c1b81d928a47419602f69805a6ead6b1ae71041708820eeaa6876873818730ccc6e3d420151c497d524921b320de551ab5d305ad3e6bb84abdce0d3ae6245e06f2ab0d349da5d30e1e52077415b5cd789d2246e0d89f644be996cdcb1c34c3b70800df0b4882f067d42152a53690c702de438a0afccc682d2750dfd901503487c11361c85613a987412d0de45d5505c08746f65502bb9bf0b6403716dbdd2863b5823cc409106ead77f49c5f4fcc0c1215720486f1f50815d50bd93a4020fcd2398d8f8a678ec9cfc6e9dc0efba40d93a9862fb908210d6f05a3911ba5d3b90e91c0298b9cf3a5a04c5d541ae0d249bc6c8a621d20137ec51736a37e20349edc2561d7a41e36ba265cfd8a21640dcc12a3c96d404ec141f14121d1b04d54c86eae5072421111174a0f6d8a2114d32114008ba9328186f7ec801751113bca0211b1406e8c09101030de076446a8d2360a44303b9952205b7dd03b080d24fc5b20201b9d8a9730445823bcbb8e5029079e50732e0ed09cc8dd38a726e45c4a231fc391236eea166decad8f2823bec99aced7415f865a3d547308b772b2344c13c6e530a524cf1ca0a7c32c22471309c51869d5b9369573b4874c794889ee9aa02f707c4036414b69b43413b107e653b298044936130adf0c0a8c681668924ab7c3d6e245af249eca0c514cb9c0472b205296e92d0d0ddc95631ad6541025ac1ba66d2fe5b813379bf64130e04903775a7d164b00155ec125ac331dd54c66973fb6e0ac930fd0220904b8a29e9bc31cd78037243611648aa1e1ba9d31f355480d6969bb86feaae64f88d6871b6e47740da4b5e5932e6b8123bcabf5015e62c0df810a93e432069d4649e6028d377b6e60794a0b9922a03f85d22072ac04369b604927cd0aba634d36bc79893263b2b096b03881bec10390d34ec4bb49b01b260012356ee3303848c8a500b61aeb827856697438c9b0f2a0be982ca6caa0dea58a8453a6cd71a8876d37295cef13ca092e681013bb4814c06343de6fe882c7120b038003e2202bbc26813a840126ea83a1ee7699006f3ca34c37c67c025a008505d4a98754daee1edb27a67554bd9ad17f7529cbdce31e79b0ec158da6d2e735e2086cc4ee5056d0f25d0493b765635be1cb9c038447ba6a6d71a25c6353869025286b18cd1aa48b12800fe9b4e921ce37f44f4a8c38bac4b6c07756b835b4bc8e9ee80a805397385ec045d0427cba5a010472853638b35b8c86880a11a04b63cbc27a5ac80d740bccf0811ad0c8734125c664f09c87527005f3ab651faf5136226001ca14e9bbe365f800f082bdeaccb9a3fbab204099201bf74cdf13c39207a051ecee6e46c82baaf71b31b34e20c20ea4430693aa973dc2869b9a22f1f9826de74b89278415168602d2e89f848092ed3af5c09bdb7569246970221b3e5ec95845561a608bdee80bd81a7444c896d963b9ee63498244c10ada9ae486b4b8b5104b8ea7341310477415173a954d6db309833c4aac821ce21c1cd23857d56cd2d4d0040fafbaa2a070635ecf2bf4edc10a84f880b1f548f30d0038078d89d8ab21cdd24012dde0de15556497b80d4d076da10076b7b0b0b7d6382ab89a568783f50aca8c74b4532414b5092e2e60d2e8920a0adf50493243ac64a532ffe7365cd7795d09de69ba1f5245b606caba6e2c710d04b480e25047104cb04380bb7b855170d440692cec78f652ab7c41a9848a81db4a8e7786e2412081740951cc0c71832d3bf242adf4c39ee0f2e88f2f64fe2eaa7e768937885096d46b81980de554574d9e079e990e71366f755b9c0b6343a9b8bbe13709c6a7520e240732e0a87f98c0ff89d1e61280d5616d381c5c855435f5419d26374fa8132cbb44824eea97e93000e77081cb9a5e1e443a608e0aa8b3c2244d819dd4f11c3492d88b6dba52f71049d8dee104275483b1e794aeb4479bb04c5b0d05ae161cf0a344124ec458c205d07f09f741ce2e05827fca22a6a2662ca02dd50d07d5021690754a21ee74b4dcc723845d769d870a35d1c5f8f541c8ca6174a368501b84160fd91e6e924dd194530fd0a2a713dd406101e0a6024d906a8103030df9a667c7a498077480988f54e2f3f98f2882096931c22098d20592b4813298123ce3d9144f253bf71da212b48e77098868d34fbdd10c5a3cdcc5ec9c069a6d810edfdd287435d166bac83cc3b48dc723941601678999bc27643879ecd02c1560826db45d397873f5016161e881d83c46d302cd1ba20436c24031f348d30608324c9856b74b4093c4b477282104903b04f24b43f606047748c2e7198dae9c799804d8095156536121d4ef0efd0a72ff860481655b4eb6c9dbb2b48d0d2f10034dc7ba0b29b1a2a383ccb5a2dea506cbfe2b183608361f534c922415617b7c61a4ed6278940d20ba981b30405702594a95fccf71b2ae9806186c180971ee8b6f51adfc447d105a590da8ce64008d305cc88b3442569d409ed6f74eca80d00d1bb8f982070e34bc28bfecadd2e2e31f84ccaa5a5c5c583e160b2b990e7531274f23ba0b0b7c57d32012d8d8f0ad64b5b4e2e6088553aaeb6bf40d018661594985e1bb899282e634b1c2b700c23a98712d70d9a6c520a81e1a41800dda9a9b431ad7c89248bf082c8735c75131aae3b82ac790df1035a60886c24350163373262534ea70612496cc420b2917318d0c043b4c1566832e611a8d8974a5a6e2c69701e73120f0a39d7d64fe21f5505803c1360e21bb7609835ef68d3f09dc841cf1ace8125df114c2990ca70f2d0ef540ac20904b4ea27857968306c0b8da785535ae0e871d00587729c31ae65ece2772504d2032f3f15c262182ae8074b0894af76968ee0a2f003e003112819a74bdd2088da7951ae0d739c09698b0e252bf435cd24f1b14d534399ae4dee21002f21f15011370a4381738c41b807951da9dfccdf4ec79449151820c9ee7840082f6975276911b7aaac17cea64871b19164ed67943b56971b151e4873a91126247082b738c9868d5b48296a53149cc71e774da1a0876937b1ee9a5c1edd4016fec814c79aa53d438291a0825f1ab48930774da9c6adae27f44359d4f6b658f9b7aa0a1d44ba91ab4dc4b4ddcd9509710185dad8d1dae1387b43b5692d22cf6f096a0d8b5d1362470a8a9aef378920b5b63dd5444b6a49e63e4ae83e1546103c46dc7fa82a9a0c105a36bb5dcfb204aad70a04b5c4e9e425a6f73cb5ef6ee22774e6297c21c191307849acf91cd8fe66e0a0a8ba917f873a64db912a39d243418f0c4b814ef68e1bb1891ca4f2bcbc38798581ee815fe1982d746a32d2ab7cbdc49b691048d9ca0b0100cb0f2770896b9b57c8ebee020aae1e1e2cd234907641b76b9e1803b62d1c84d50021da492483207094120b1a4488f8b9840a431baa04b48b8ec925be60d3b8fa2b1cc00be1f24aa69375191620defc2a81e10348b9ce102e20feeab0e6ba4480e03ca072ae73353ded0e000ecab1a3c5d405a22102b4126498110413b2570d400b968da542d33ac3e413b721127536d1133282b2d6b5ce0ebf329c92e003605b6ec96a8fe66a06418ba47973492dd8efdd010c3b966dca5f2b84b49202b44ba351906f097443ed01a38403435c049039842ee76980404201234930394a4dc00088e50724116a544140e2e535cfc926aec9e6c80836846425446e8ab24293798894a0c94c6d7e1011112a4d84250530dbe6819dbc2209f0c0ec528066e130b348e65039e60ed750dccfe13ca0c6926409ba717f26d06510416b0e9174e44519dc82aab4991ec9e6469efb940e1a34eab7945c272c1a008008dd2c86e902ee70ba25c5cf2ee114ec70873bf111007a27f2b800360127c2e6b9c3cae1c2b1914dae69d9f6050353f84dce9830ac00f82c68891db90812c6d1632e201211a4e26b35da625b17501739858437e27411e899b351b1f138f3e8128b1d503506da158c99000bb4488e42071a479859c6c00574b5951d458d0563d2b0739b71bdb84c21b5a7512d2241417b24552f79f2b826a6d6eaa8eb86836255606b04892058277183e14d9f11ee82ea0dd551d682369470cdd6d2f2eb005232a68738eef1215b1a30eda72006999ee8088a6f3508306c5ab2096d36d32e1104fcd54f2d0d04dc3848ef298de9b1ae3a9c4ea40c1c5808201d4352bd85cd22a3cc02d20342a7fa808d325bb95707eaabb8d219250353a4ea465c2ef11e802b5ec6bb0c5cd3e6990d5480e7614fc4759f29f45706996335717850354735d498ea72e2db957120536bf8e472aa60634b8804b40b2b1a75b081f8049f54173ab34bcc08f2f992b06dab676deeab6538707b0021d733c2b29b83c38010d131dd0334f9bc4d5b5adb2b1cef10b5c44007641be4a0c635b24dc9ec9df53c701a0411ca02e65171d41c48f5500d2d82ed57bcf64a18dd4d6bf73cf0ac00904341916f7405c34976af3070b18d901e6d32483105178787b4b7837440876ad371ba034c5521f2c6b80369e540f34fe26c026ed501752aa1c4101c39e14a85ce3120df808239ae6073db71d9286f965ae2045c2b1ad0092e7191c25711f087121ff091c2056c0603a789475b5ee0e2de37560669373aa058201a5cd822205d052f07c46c021aebdfba5aaef3098de4c2b1ee0ea504b9bc0f52960c091a4b4dd00b692ea6e91c8f44862436a124f042b2a343b4b8b6de96092ab40d1a41d4dba0a58ef0dced720cc191ba8e782c14dcd01c0da7784f59ce7540f1f0110e54d705e25f234ecf1c205a90e7c3c16c0807b14951a7c305e601b077656b8ea689324b60a5aa08c38a644b85ec7754545c4369979e6278854b9ad24b1c408b8f456bc82c368b442ac02ea64c4bd8608ee1054f25ad99bfe282a48d02b1bb4fe8531f254731d4ce88dfb256d32d69a536dd8502d46b4b838c19edd9544b9b88610e0e0247c959a8112c3045c7baadb1e19a8443a6f0820d31ad87727dd2bcc903e104588e13697308aa06fc76554bb51a84c42a207e9a61a48d43677754b9b03c406438de1585a7c42fd10d890123a01a6e07dfdd02fc27c91a355cf2a39a0542d3b1162a39a5f54969dee47650cb4320ce992831d8d21e43bbeead7335896c0e7dd1a8fd203982751e784a03de5d02246fc222bd05d023cdbdf6406a73a63dd01a9a435d677051150b81891080788019221c360801224bee6ea78cd73b4b9a2c8168d2e881d90280f103502394a4e996b4820da4a7f1229e922e4cca52e6011127d507220a606f2ab94dba0694e089dd5699bba0b04188504dd09b232114c0c19441ee941e530f5288238446c677406c0ceea13b940c0f944ab186012390ab0608ee8c89908ab6990c78ec0dd46932e2374a1c592226548ec505b4c082d7121c6e9b50d1ea77f7551241b993dd584584f3b208df8267cdc056107c5636ee9bb82a84c8b5c2b98f76a73e45c45f840e5fa8c4795bc276076a871b112a960d45d73e5dbd53993633eca0b190ef23dde56199566b05836b889ecaad24541104e997266e92c3bed03d5017b835ad8de6eaf07c17b4ceaf2dbe6ab2c86021c1ce0d923ba2d79d240173c7640e03e9c36209b91e8ad680da914fb4094d41ac20171973cde52b1c0d42f027420b80f0e96b9b830e1e8a35ad7d2d57d63e11d8246cbf56a20889809f0ef1e339c012036d282f2d69aac224070b9ee9b10e0e7b4c44703b25c3cbdc0bcc362c91be7aa1d33b884192581c58267909cdea374892db04946997b583693fa2b5f5453ae3480d63640777416821b50b459a3e23dca6a5a29d193776a2d03d1534e0d0a8d926a38cab1a4b9ac21ba4017f7505f44e9a7e1b88d2db9f441ced45ac658bf7f65263438479e414ae71655640d3fb20c825d4d91b869faab343854fea696380985591e734e675ddbee9c3839fa1c34c7e2f55438241768110620a7738358d24469b18e4a5c3bb53dc2a5e55ae65370f279a0492a062e345905b208b5d1a2f0da44b20cf7e1554bcf58b9e6740b05735a5a1d11a5a81c696b9c1a75797e883dce86963c401052b59a1a1cd04876e4f098d332e0000389405a75b4ba4822d1dd5cd7d4606b34dcaa5ae0e66a2df84c593b2a0d45e418ee82d2f13a5e25e393b241abc526d005fd523aa12e0d61932ac7b994c4727ba05712e9a8d2488fa20191027c8107bdff03806c8b429e514488b8b8f5411806bd2ea84cf215b5038386b7081b15434b9a03dad104dc76566a6546169833c2005cd350d330070427710d61f3498bc72b1d951ad73044b84832ac0f73a4968009fa204d2451258e31b8694b7d447c50d99e426a8c208332c76c4709c30b7f9967088908296163a9543b4b6e150d2e20b40b58415611f77aa664c848f222c4870137082a712e226f36f921a4d46b9ae3e668f2b81dd5ae6f94e9dc410aa63d922d249882a8aaa30be802675b0dedbaaea531ac68711ccfa2b69b8b5f5181e601f84dd02dd1a648238f4415105e0931a8d88eeab801e61d206d3c2b1fa468201b4caabe104c078225ddd05353c4697102fb908ba4e19d1124c909812e734cf9488ba47381a5a059c0999ec810bdcca66412df4e1001a1cc2e9d1b993ca20bcbb539b2d01572d10eddaefc2550efab060b6c6f238553e350b8f30944e96bc02e3b582a4b4d6701605a826a2cbbb77290c0ff0da49244940b0b9ba4d9cd333e8958e2ea9acb60b76440bd3a932602771d20c3a5a7841f0e73aa34f94ee1239be71a41777405ee2f32d99161291d690e124d933ce870befc2aecd76a2d92504d0dd24189254bb5b036ee528046a7bac4a02a45304c98d82057480205913a67cfbf1099d5440efd954d782e2e7376d907fffd9, 'newbie');
INSERT INTO `users` (`username`, `firstName`, `lastName`, `email`, `password`, `usertype`, `province`, `city`, `photo`, `badge`) VALUES
('JDoe', 'John', 'Doe', 'Jdoe@cosc.alta', '698d51a19d8a121ce581499d7b701668', 'user', 'AB', 'Red Deer', '', 'newbie'),
('MSmith', 'Michael', 'Smith', 'MSmith@ok.ubc.ca', '202cb962ac59075b964b07152d234b70', 'user', 'AB', 'Edmonton', '', 'newbie');


--
-- Indexes for table `comments`
--
ALTER TABLE `comments`
  ADD PRIMARY KEY (`commentid`);

--
-- Indexes for table `polls`
--
ALTER TABLE `polls`
  ADD PRIMARY KEY (`id`);

--
-- Indexes for table `pollStat`
--
ALTER TABLE `pollStat`
  ADD PRIMARY KEY (`pollID`);

--
-- Indexes for table `users`
--
ALTER TABLE `users`
  ADD PRIMARY KEY (`username`),
  ADD UNIQUE KEY `email` (`email`);
COMMIT;
    
-- FLUSH TABLES;